title,description,transcript
How To Market Your Business On Social Media?,"If you think simply posting on social media is considered marketing, then you might want to reassess your strategy! There are proven ways to give you much better results from your social media marketing strategy for your business! In this video, I'll tell you everything you need to know on how to market your business on social media and grow your business with organic social media strategies in 2023. So, if you're ready for some proven strategies for growing your social media and growing your business, then check out this video.

üö® Looking for a better way to generate leads? üö® Check out my video on why How to turn FREE Content Into High-Paying Clients and learn a proven framework for lead generation: Watch here 
üëâüèº https://youtu.be/-TuOMRXm4r4

Resources For Ambitious Entrepreneurs: 
========================
Question: Can I send you a list of my best hooks, scripts, angles, frameworks, and goldmines for your social media? Check out Chief Content Officer, A Content Operating System Designed To Position You As The Go-To Expert, Attract A Flood Of Leads, And Turn Viewers Into Voracious Fans. That's what we deliver as your personal ""Chief Content Officer."" EVERY. SINGLE. MONTH.
 https://bit.ly/jaxxcco 


Loved this video? Here‚Äôs how you can implement these strategies into your business: https://bit.ly/hijackattention

Watch Next: 
How Taylor Swift Earned $1.1B With Genius Marketing https://youtu.be/T8w8uZiIXO0

Someone ripped off my entire content system and made millions‚Ä¶ Now I have to sue them.
If you want the LEGAL way to create extra attention (and thus, profits) from a disruptive comprehensive content strategy ‚Äî you don‚Äôt have to be a lazy, dirty-playing copycat. 
üëâüèª I'd rather just GIVE YOU the strategy here: https://bit.ly/47LyMDf

Want to know how icons like The Kardashians, Mark Cuban, Elon Musk, and Mr. Beast 
have built online empires that enable them to convert their influence into currency?
Evergreen leads and sales with ease? ‚úÖ
Buzzworthy content? ‚úÖ
Iconic status? ‚úÖ 
All without busting your ad budget.
üëâüèª https://bit.ly/3ODUaCM

üëâüèª  A new type of video to 1000x your brand's impact: the ONE video that will make you UNFORGETTABLE. Grab my DocuStunt Playbook here: https://bit.ly/DocuStunt-Guide

üëâüèª Get Marley‚Äôs 30 Proven Tips To Scaling Your Brand Through Disruptive Content delivered to your phone, for FREE!
- https://bit.ly/3Zh1kle

Key Moments in this Episode
========================
00:00 Intro - Social Media Marketing 
00:41 What Are The Objectives Of Social Media Marketing 
02:55 Why An Effective Social Media Marketing Strategy Is Important 
04:06 How To Market A New Business On Social Media 
05:19 Story Inventory For Captivating Social Content 
07:30 The Art Of Storytelling 
08:37 How To Land Clients For Social Media Marketing 
10:01 Building Know, Like, Trust With Your Audience 
10:53 80/20 Rule In Social Media 
11:37 How Can Social Media Marketing Boost Sales And Customer Loyalty 
11:48 Free Training!

What To Watch Next:
========================
What Are The Advantages And Disadvantages Of Internet Marketing?
https://youtu.be/UdXDQoNr9Vs

Resources For Ambitious Entrepreneurs: 
========================

üëâüèª Get the 4 Steps To Turn Your Message Into A Leads & Fame Machine For Your Business Using Organic YouTube -  https://bit.ly/3PD5bUO


ABOUT MARLEY JAXX
========================
Marley Jaxx: CEO of Jaxx Productions, and business acceleration coach. We work with our clients to create an evergreen content machine and predictable cashflow system inside their business. AKA: The most PROVEN, guru-hidden, cashflow system, built on EFFORTLESS high-ticket customer ascension.

Our expansive marketing services act as a catalyst for business growth, allowing entrepreneurs who embrace the content machine and cashflow systems to reach 6, 7, 8 figures of revenue.

Jaxx Productions
https://www.marleyjaxx.com/


TOOLS I RECOMMEND:
========================
Customize your graphic designs with Canva:
https://canva.7eqqol.net/j9PMZ‚Äã  

Get your free trial of Active Campaign Email Marketing:
https://bit.ly/3mlYLPu

Optimize your videos with TubeBuddy:
https://www.tubebuddy.com/marleyjaxx

Write copy using Funnel Scripts:
https://bit.ly/3wD59aQ

Get your free Funnel Hacker‚Äôs Cookbook by Russell Brunson:
https://bit.ly/3UXReUz

ClickFunnels 14 Day Free Trial:
https://bit.ly/4dNP6aV

$10 Off Rev Coupon: 
http://bit.ly/2LPpW1F



========================

#MarleyJaxx
#GetJaxxed
#HighTicketSales","If you want more eyes on your business and sales in bank account, social media marketing is the way to go. In this video, lets talk about how market media. Heres thing, I wanna let a big secret. There are 3 main objectives keep mind with And if dont have this, then strategy broken. Then Im gonna share proven tactics for landing clients, growing business, getting clients that even love work pay you. What of marketing? glad asked. Theres them. You ready it? Lead generation, lead nurture, conversion. those, broken youre creating content sake running hamster wheel. deserve than that. Every single piece create should be reaching accomplishing one these or all 3. reverse engineering what it sell either generating, nurturing, converting. Sometimes they can leading For example, might post where telling story Ive used changed my life, helped me make money. say, click link below get access thing. give free today. That post, because has strong call action going generate through join email list which nurtured. But back up itself engaging created mind. them epiphany. walk away thinking, thats now also result. Its nurturing before generated lead. conversion comes end after theyve opted into maybe sequence brings towards purchasing. know, consulting purchasing courses think every those would recommend write down sticky note, put beside computer never forget when content. Because we not here Thats throwing spaghetti at wall seeing sticks. Were We doing intentionally grow our businesses, Right. After hearing that, know Have ever thought before? unintentionally been using 3? Let comments below. Having an effective key success. bit. first thing important. Why? isnt hobby, business. fun although fun. something us ROI, return investment, energy, money invest, time invest. Ideally, able reach people its kind funny hear rich quick schemes. trying help slowly either. strategy, fastest path To cash, making impact make. most ways audiences utilize them, value gen, nurture convert customer. were world by allowing products services provide. posting, Spray promote. Spray, putting out, wall. strategy. Again, go brand new do done got test Absolutely. intention. As existing following tips important sure place. First branding recognize say now, it. does of? Nike, showed golden arches, McDonalds, They images slogan recognizable over world. Think memorable audience. Something resonate with. feeling about. mean, but Nike athleticism. excellence. hard determination perseverance. McDonalds Happy Meals. loved Meals as kid. It made happy. was experience brother, little brother parents friends. birthday parties jungle gyms stuff. me. everything out aligned branding? The other stories tell. client Or anyone listens videos inventory. Write down. Story story? multiple stories. origin came who encouraged start have? pivotal moments along taught lessons shaped today? having Google Doc huge notebook brain dump This childhood lessons. experiences family. discovering expertise skills anytime content, inventory reason why urge tell stand time. Stories brought from generations generations. things carry culture wisdom on. stories, Theyre captivated. move closer. favorite movies watch. Youre storyline. connecting protagonist, character. edge seat watching their trials tribulations. movie, feel adrenaline rush sometimes like, serotonin rush? dopamine hit character youve fallen last hour half two hours? Well, watched journey finish. watch rock bottom. climb cheer louder win. Whether means girl landed dream job won race, see went through. same relate similar experienced. undeniable connection lot businesses focus too much facts tidbits instead deep When started manager fulltime dental hygienist. jobs office worked at. sure, could posts many times day brush teeth cavities fluoride stuff makes stop scrolling. captivates days end. theyre attention story. find goldfish. gets reaction. nothing wrong sharing tidbits. tie will scroll to? Now, media, subscribe button. entrepreneur looking level scale week. Okay, land video. Remember giving example generation. Maybe great segue answer PDF ebook next video sign webinar. Whatever is, step take inviting action. saying, heres Click didnt was. supposed next. assumed well, theyll cant assume to. act. actively pursue relationship. being date somebody. wanted second date. play get. did well? Do me? Should anywhere? misconnection? Instead, ask Ask Join continue Speaking dating, concept trust. Your audience needs you, trust use dating analogy image proposal. valuable nobrainer effort equivalent someone coming street hey, married? name. havent taken dinner. need Now calls getgo. bring third tactic 8020 rule. 80 20 whole structure. gave told post. led value. hopefully tugged heart strings painted picture life like. follow rule building factor abrasive. straight remember whats boost loyalty sales. learn converts cash flow builds raving training training. Ill there."
How to Write a Business Plan Step by Step in 2025?,"10 Steps to write a business plan in 2025.
Step by step how to write a business plan to start your own business.
Easy Method on how to Write a business plan in 2025.
Also, Like, share & subscribe to get business planning videos.

#businessplan
#writebusinessplan
#business

Running your own business! Write a business plan step by step.


If you are looking for profitable business ideas then, watch 40 profitable business ideas for 2025 - https://www.youtube.com/watch?v=DSpBPS_yOd8

Step by step how to write a business plan.

Step 1. How to write an executive summary.
Step 2. How to write business description.
Step 3. How to write operational plan.
Step 4. Organization and Management.
Step 5. Legal Structure of Business.
Step 6. Marketing and Sales Strategy of Business plan.
Step 7. Competitive Analysis.
Step 8. Unique Selling Proposition.
Step 9. Financial Plan.
Step 10. Business Advice.

What is a business plan and why you need a business plan is also covered in this video.

Business plan writing will help you to increase clarity of business goals, marketing road-map, funding requirements and improve your business structure.

How to write a business plan.

So, you must need to learn about ""how to create a business plan"" to grow your business strategically.

10 Common business plan mistakes that you must avoid before writing a business plan.

1. Not writing realistic financial projections.
2. You don't care about your target audience and how to define it.
3. Don't do over-hype.
4. You know your business idea and have overconfidence. That leads bad research about your business idea.
5. I know everything attitude. Don't hide your weaknesses.
6. Don't add too much unwanted things into your business plan.
7. Being Inconsistent. How to write a business plan.
8. Write for readers not for yourself.
9. Writing everything you know! If someone take benefit of your business plan and use your business idea and marketing strategy? Hide most important thing of your business.
10. Not formatting your business plan is a big mistake. Well optimized and clear business plan will be great for readers.

Unique selling proposition of your plan will be highly important for growing your business on the next level. So, think about which kind of quality or service you provide in your business idea. 

There are many competitors out there to beat you and make your business down. This is your responsibility to make something that you will become unique in your local market. 

Running an online business is too much hard to beat your competitors because there are many digital marketers are helping others to get more clients. 

If you are in online business then, make sure you hide something about what you are expert about and which thing is hidden gem in your business.

You can share product benefits, customer reviews and some special guidance about why should people buy from you. How to write a business plan.

This is our updated new video and watch our old video - https://www.youtube.com/watch?v=Fqch5OrUPvA

If you've any confusion about how to do a business plan or any complications about any element of business plan; then, ask your questions in comment box.

Thanks for watching how to write a business plan to start a business in 2025.","How to write a business plan The thought of starting up can be an exciting time for many people. is among the very first decisions you, as future owner, must make. Do you it yourself, or give in temptation take easier path? By taking ownership this first, most important step building your business, will gain far more than crisp document read by others. You develop deep understanding what succeed. For reason, essential that owner primary leader sole author plan. Wait, plan? Business researched and refined help get loan, raise equity funding, define fix objectives, review idea, agreements between partners, set value on sales, legal purposes, evaluate new product line, unique selling proposition, promotion expansion. If are approaching banker loan startup officer may suggest small administration which require A simply goals how go about accomplishing them. Some people refer vision business. I blueprint roadmap goals. According experts, identify purpose company description, goals, structure, services, required resources, financial with statements, management operation. Now, big question comes our mind Experts agree crucial if want strategy company. size niche operation does not matter. need learn regardless. Let us explain 10 steps effective Step 1. Write executive summary poorly written often reason why dont find investors No matter qualified team are, no great idea. should include all major information planned concise, clear manner. yourself. readers. Ask yourself who those people? Whats their educational backgrounds? What matters them likely influence positive decision? Limit one three pages. Deliver physically attractiveness uniqueness. Clearly state expect from investor. Simply returns exit total project. Compellingly top two points investment proposition. Your doesnt full pro forma. Instead, simple statement expected income, expenses, anticipated income cash flows. Finally, provide capital needed return projections. 2. Description good description make work lot travel road When formal hope qualifying attracting investors, let know doing. foremost meet expectations customers have when they walk through doors. Get inside heads. do want? looking something specific, bet there else related well. Understand them, offer then break down it. section structure came formed, type location types conducted, internet storefronts, mail order, etc., products services provide. also clients. 3. Operations Plan Operational necessity every results. In order plan, Cash flow forecasting project position Profit preparation development Flexible budget Breakeven analysis Variance report ensure control expenses Executive data Daily, weekly, monthly Management meeting Weekly Mission Strategic operating Organization Delegation authority outline principles Position guide Hiring procedure Performance evaluations Progressive discipline Employee compensation Profitbased incentive system Operation technique probing into present past performance operational investment. It measures against particular standard costs, operations services. considers achieved better way, costeffectively achieved. 4. Organizational details company, part board members. addition members member, team. describe were chosen board. Here chart describing organizational includes managers, employees other point persons Within chart, each managerial list name person, position, responsibilities, education, manage, special skills, number years prior employment. 5. Legal Structure There four structures depends would Sole Proprietorship This kind has only case, you. decide things, last say everything. Partnerships Two owners same file partnership. Partnership Status similar proprietorship. All partners held financially responsible debts tax burden borne proportionally partners. Corporation Corporations structures. But typical corporation consists directors, officers, employees, shareholders owners. limit. desirable expedient Limited Liability corporation, limited liability LLC separate distinct entity. means identification number, open bank account under its own name. 6. Products Services Using produced sold, offered wonderful way communicate highlight biggest sellers, provides items. show heart offering public. 7 Marketing Sales Strategy developing marketing sales strategy, understand clients going approach buy demographics proper work. real estate agent, target anyone thats buying home demographics. based areas where homes active. things add strategy. milestones per month year. Define customer profiles strategies. forms communication use market customers? Print, radio, viral campaigns advertising discussed depth. Set successorientated revenue targets. Develop action implement 5 build 6 Competitive Analysis competitive perform better. depend factors. Categorizing competitors necessary categorize companies seem stronger larger Analyzing promotional Competitors these days utilize hundreds ways promote needs strategies companies. different aspects features, values, targets taken competitors. Advantageous Aspects Once categorized, start spot vulnerable done assessment weaknesses strengths. best method strengths implementing SWOT analysis. represents strengths, weaknesses, opportunities, threats. tool used general detailed snapshot companys health. Strengths competitor? Which weak strong? Is any possibilities beat competitors? Also, threats issues, policies personal issues. 9. Unique Selling Proposition proposition? differentiates marketplace? combination features benefit offerings? youre distributor manufacturer, deliver complete orders faster competitors, allowing keep less inventory? estate, some education experience valuable knew it? much confidence service guarantee others cant wont match? Financial Planning Can pull speak human being fourth ring, 98 time? Making working exceptionally pleasant experience? USP And 10. planning paramount success whether wellestablished. finance determine estimate cost amount funds These onetime fees, such permits licenses operate Initial costs ongoing rent utility payments. usually determining up. worksheets expense costs. Make concise appropriate. always thinking whatif situation After all, reader be. answer before asked, convincing audience serious, realistic adapt overcome. become 12 months found video helpful, share friends advice."
Best Sales Techniques | Closing Techniques | Selling Skills | Dr Vivek Bindra?,"Which is the most crucial thing after creating a world-class product? To sell it. To ensure that customers purchase them. Regardless of how well your business strategy is or how brilliantly your products are performing, there comes a point when the sales department experiences a slump. So how do you close sales?

Watch this amazing video in which Dr. Vivek Bindra gives powerful techniques like ‚ÄòDoor on the Face‚Äô, ‚ÄòDecoy effect‚Äô, ‚ÄòChoice Management‚Äô, ‚ÄòScarcity Close Approach‚Äô, ‚ÄòNegative effects of not buying your product approach‚Äô, ‚ÄòNow or Never Approach‚Äô, and many others. 
Do not miss out on this informative video that gives incredibly powerful sales closing techniques that work like a charm to boost your business revenue.

============================================================================

Dr. Vivek Bindra is the Founder CEO Of Bada Business Pvt. Ltd., One Of The Most Progressive Ed-Tech platforms in South East Asia.

He is the Only Business Mentor In The World To receive 7 Guinness World Records.
This Is World's Most Subscribed Entrepreneurial YouTube Channel, With Viewership of 1.2 billion+ viewership.

Business Coaching Programs (BCP) are specially designed courses to give holistic view of business operations that will enable you to build high-performing business frameworks, curate powerful strategies that will drive innovation and boost profitable growth with the hand-holding support of a Personalized Business Coach.

To Join Everything About Entrepreneurship  - https://www.badabusiness.com/eae

Website - https://www.badabusiness.com/
-----------------------------------------------------------------
To Download Bada Business App Click on This Link - 

For Android Users: https://bit.ly/2KbEwPB

For Ios Users: https://apple.co/30TwZum
------------------------------------------------------------------
Follow our Official Social Media pages-

Facebook -  https://www.facebook.com/DailyMotivationByVivekBindra

Twitter - https://twitter.com/DrVivekBindra

LinkedIn - https://www.linkedin.com/in/vivekbindra/

Instagram - https://www.instagram.com/vivek_bindra/

And, get updates of recent happenings, events, seminars, blog articles, and daily motivation.

#SalesTechnique #DrVivekBindra #Motivation #Growth #BadaBusines","‡§®‡§Æ‡§∏‡§ï‡§∞, ‡§Æ ‡§µ‡§µ‡§ï ‡§¨‡§¶‡§∞, Founder and CEO ‡§¨‡§° Business.com ‡§¶‡§®‡§Ø ‡§π‡§∞ ‡§Ü‡§¶‡§Æ Sales ‡§ï‡§∞ ‡§∞‡§π ‡§π ‡§î‡§∞ ‡§Ü‡§ú ‡§ï‡§õ ‡§Ü‡§™‡§ï ‡§ï Strategy ‡§¶‡§® ‡§µ‡§≤ ‡§Ø‡§π ‡§Æ‡§∞ ‡§è‡§ï Private Webinar ‡§∏ ‡§®‡§ï‡§≤ ‡§¶ IBCs ‡§≤‡§è ‡§ï‡§Ø ‡§• ‡§Ö‡§≠ ‡§§‡§∞‡§ï ‡§Ü‡§à‡§¨‡§∏ ‡§ú ‡§µ‡§¨‡§®‡§∞ ‡§â‡§∏ ‡§Æ‡§® ‡§∏‡§≤‡§∏ 50 ‡§∏‡§ü‡§∞‡§ü‡§ú ‡§¨‡§§‡§à ‡§â‡§∏‡§Æ ‡§∂‡§Ø‡§∞ ‡§ï‡§∞‡§® ‡§Ö‡§≤‡§ó ‡§™‡§õ‡§≤ ‡§ï‡§à ‡§Ö‡§ö‡§õ ‡§µ‡§°‡§Ø ‡§¶‡§Ø ‡§Ü‡§ó ‡§≠ ‡§ï‡§≤‡§ú‡§ó ‡§ï‡§∏ ‡§ú‡§è? ‡§°‡§∞ ‡§Ü‡§® ‡§´‡§∏ ‡§ü‡§ï‡§®‡§ï ‡§Æ‡§π ‡§™ ‡§¶‡§∞‡§µ‡§ú ‡§ú? ‡§¶‡§∞ ‡§Ö‡§®‡§¶‡§∞ ‡§µ‡§π ‡§π‡§§ ‡§ï‡§Ø‡§ï ‡§ï‡§∏‡§ü‡§Æ‡§∞ ‡§Æ‡§ù ‡§¨‡§¢ ‡§Æ‡§∞‡§§ ‡§≠‡§ó‡§µ‡§® ‡§¨‡§¶‡§≤ ‡§® ‡§Ö‡§™‡§® ‡§¨‡§§ ‡§§‡§¨ ‡§∏‡§Æ‡§® ‡§≤‡§® ‡§Ü‡§è ‡§∏‡§¨‡§∏ ‡§™‡§π‡§≤ ‡§™‡§∞‡§°‡§ï‡§ü ‡§á‡§§‡§® ‡§Æ‡§π‡§ó ‡§¶‡§ñ ‡§è‡§ï‡§¶‡§Æ ‡§â‡§∏‡§ï ‡§ú‡§∏ ‡§§ ‡§´‡§∞ ‡§¨‡§¶ ‡§Ü‡§™ ‡§≤‡§ó ‡§™‡§∞‡§á‡§∏ ‡§¶‡§ñ‡§ì ‡§ú‡§∏‡§∏ ‡§ï‡§´‡§∞‡§ü ‡§ï‡§®‡§µ‡§®‡§ú ‡§ú‡§è ‡§Ü‡§™‡§∏ ‡§â‡§∏‡§∏ ‡§™‡§π‡§≤‡§™‡§π‡§≤ ‡§™‡§∞ ‡§ë‡§® ‡§Æ‡§§‡§≤‡§¨ ‡§á‡§ï‡§¶‡§Æ ‡§ï‡§°‡§ï ‡§ú‡§è‡§ó ‡§¨‡§π‡§§ ‡§Æ‡§∂‡§ï‡§≤ ‡§Ü‡§à‡§°‡§Ø ‡§á‡§∏ ‡§ü ‡§Æ‡§ï ‡§Ö‡§ï‡§∏‡§∂‡§® ‡§¶‡§ü ‡§Ö‡§¶‡§∞ ‡§™‡§∞‡§ü ‡§´‡§≤‡§∏ ‡§ë‡§¨‡§≤‡§á‡§ú‡§° ‡§´‡§≤ ‡§ï‡§∞‡§§ ‡§®‡§π ‡§¨‡§≤‡§§ ‡§°‡§ï‡§à ‡§á‡§´‡§ï‡§ü ‡§∏‡§ï‡§° ‡§µ‡§ï‡§∞ ‡§ë‡§™‡§∂‡§® ‡§ï‡§¶‡§∞ ‡§∏‡§Æ‡§ü‡§á‡§Æ‡§∏ ‡§π‡§≤‡§™‡§™‡§≤ ‡§∏‡§¨‡§∏‡§ï‡§∞‡§á‡§¨ ‡§Ö‡§™‡§∞‡§ü‡§Æ‡§ü ‡§ï‡§∞‡§Ø ‡§¶‡§≤‡§® ‡§™‡§∞‡§™‡§∞‡§°‡§â‡§∞ ‡§¨‡§ï‡§∞ ‡§Æ‡§ï‡§® 30 ‡§π‡§ú‡§∞‡§™‡§è ‡§Æ‡§π‡§® ‡§ò‡§° ‡§ú‡§ó‡§π ‡§™‡§™‡§° ‡§ù‡§° ‡§¶‡§Æ‡§ï ‡§´‡§∞‡§®‡§ö‡§∞ ‡§ò‡§∏‡§§ ‡§¨‡§¶‡§¨ ‡§¨‡§π‡§∞ ‡§®‡§ï‡§≤‡§§ 30,000 ‡§∞‡§™‡§è ‡§ó‡§¶ 25,000 ‡§¨‡§∞‡§° ‡§®‡§Ø ‡§´‡§≤‡§ü ‡§¶‡§ñ‡§§ ‡§Ö‡§∞ ‡§≠‡§á‡§Ø ‡§ö‡§π‡§è 25 ‡§Ö‡§ö‡§®‡§ï ‡§∏‡§∏‡§§ ‡§≤‡§á‡§® ‡§≤‡§ó‡§§ ‡§è‡§ï‡§∂‡§® ‡§â‡§∏‡§® ‡§¨‡§ö‡§® ‡§≤‡§ï‡§® ‡§Ö‡§ó‡§∞ ‡§≤‡§§ ‡§ú‡§ï‡§∞ ‡§∂‡§Ø‡§¶ ‡§Ü‡§™‡§® ‡§¶‡§ñ‡§® ‡§§‡§∞‡§ü ‡§π‡§°‡§è ‡§á‡§∏‡§ï ‡§ö‡§ú ‡§ï‡§∞‡§ï ‡§ñ‡§∞‡§¨ ‡§¶‡§ñ‡§ï‡§∞ ‡§Ö‡§∏ ‡§∞ 10 ‡§Æ‡§≤‡§Æ‡§ü ‡§ü‡§Æ‡§ï‡§∏‡§Æ‡§Æ ‡§á‡§® ‡§°‡§Æ ‡§Æ‡§ï‡§∏‡§Æ‡§Æ ‡§à‡§ï‡§∏‡§™‡§∞‡§ü ‡§π‡§ó ‡§≤ ‡§ó‡§Ø ‡§≤‡§ï‡§∞ ‡§ú‡§® ‡§∏‡§° ‡§è‡§ï‡§∏‡§™‡§∞‡§ü ‡§™‡§∞‡§® ‡§¶‡§ï‡§® ‡§§‡§® ‡§¶‡§ñ‡§è‡§ó ‡§¨‡§§‡§è‡§ó ‡§ï‡§Æ ‡§ö‡§≤‡§§ ‡§∞‡§ú‡§®‡§¨‡§≤ ‡§ñ‡§∞ ‡§∞‡§π‡§§ ‡§¨‡§¶‡§ñ‡§§ ‡§ì‡§®‡§≤‡§á‡§® ‡§ú‡§§ ‡§∏‡§• ‡§¨‡§†‡§ï‡§∞ ‡§¶‡§ï‡§ï‡§§ ‡§Ö‡§ó‡§≤ ‡§π‡§Ø‡§∞ ‡§ï‡§ü‡§≤ ciclose ‡§Ö‡§™‡§∞‡§ö ‡§™‡§∏ ‡§Ö‡§™‡§∞‡§ï‡§ö ‡§Ö‡§™‡§∞‡§ú Feny ‡§Ü ‡§≤‡§Ø ‡§Æ‡§≤ ‡§ú‡§¨ ‡§≤‡§ñ ‡§ï‡§∏‡§ï ‡§∏‡§ï‡§≤ ‡§ú‡§¨‡§∞‡§¶‡§∏‡§§ ‡§Ö‡§∞‡§ú‡§∏ ‡§ï‡§∞‡§Ø‡§ü ‡§µ ‡§∏‡§ü ‡§¨‡§á‡§∏ ‡§∏‡§Æ‡§≤ ‡§¨‡§ú‡§∞ ‡§Ö‡§¨ ‡§Ö‡§®‡§∏‡§∞ ‡§≠‡§à ‡§∏‡§π‡§¨ ‡§ö‡§™‡§ü‡§∞ ‡§¨‡§à ‡§™‡§™‡§∞ ‡§ò‡§ü‡§µ‡§®‡§¶‡§∞ ‡§´‡§Ø‡§∞ ‡§ë‡§´ ‡§Æ‡§∏‡§∏‡§ó ‡§¨‡§® analytics ‡§ò‡§¨‡§∞ ‡§Ü‡§§ ‡§Ö‡§ú‡§Ø ‡§∏‡§∏ ‡§Ö‡§´ ‡§¨‡§ï‡§§ ‡§™‡§∞‡§Æ‡§ü‡§≤ ‡§°‡§∏‡§á‡§ú ‡§µ‡§¶‡§â‡§ü ‡§°‡§≤ ‡§ï‡§π‡§§ ‡§§‡§∞‡§π ‡§õ‡§° ‡§∏‡§ñ‡§® ‡§ö‡§π‡§§ ‡§ö‡§π‡§ó ‡§¨‡§ï ‡§ï‡§∞‡§ó ‡§ï‡§™‡§ü‡§∂‡§® ‡§™‡§∞‡§ü‡§ü ‡§∏‡§™‡§∏‡§´‡§ï‡§∂‡§® ‡§ò‡§∏ ‡§∞‡§µ‡§Ø ‡§™‡§¢‡§® ‡§¨‡§≤ ‡§≠‡§≤ ‡§á‡§∏‡§≤‡§è ‡§Ü‡§´ ‡§Æ‡§∏‡§ó ‡§Ü‡§â‡§ü ‡§´‡§Æ ‡§™‡§ü‡§∂‡§≤ ‡§¨‡§Ø‡§∞ ‡§∏‡§Æ‡§ù‡§ì ‡§¨‡§§‡§∞ ‡§π‡§• ‡§π‡§á‡§≤‡§á‡§ü ‡§®‡§ó‡§ü‡§µ ‡§®‡§ü ‡§¨‡§á‡§ó ‡§´‡§∞‡§Æ ‡§Ø ‡§≤‡§ü ‡§°‡§∏‡§ü ‡§Æ‡§á‡§´ ‡§∏‡§Æ‡§Ø ‡§µ‡§∞‡§°‡§∏ ‡§•‡§™ ‡§ï‡§Æ‡§ü‡§Æ‡§®‡§∂‡§® ‡§á‡§∏‡§Æ ‡§¨‡§∞‡§∏‡§¶ ‡§Æ‡§∏‡§Æ ‡§π‡§Æ ‡§ï‡§Æ‡§ü‡§ö ‡§Ö‡§®‡§π‡§≤‡§¶ ‡§¨‡§ö‡§ö ‡§ú‡§µ‡§® ‡§∞‡§∏‡§∞‡§µ‡§∏ ‡§∞‡§π‡§ó relax –ü–æ–º ‡§ö‡§∏‡§ü ‡§ì‡§ï ‡§ï‡§∞‡§™‡§ü ‡§Æ‡§á‡§ï‡§∞‡§™ ‡§Æ‡§ï‡§≤ ‡§™‡§ü ‡§Ö‡§∏‡§≤‡§è ‡§π‡§Ü ‡§ï‡§ü‡§® ‡§®‡§µ chess ‡§®‡§ö‡§ö‡§® ‡§Æ‡§´ ‡§π‡§è ‡§ó‡§∞ ‡§ï‡§∞‡§¨ ‡§ú‡§π ‡§¨‡§†‡§§ ‡§ñ‡§® ‡§ñ‡§§ ‡§∏‡§Æ‡§ù ‡§®‡§ï‡§∏‡§® ‡§®‡§µ‡§∞ ‡§ï‡§≤‡§ú ‡§™‡§≤‡§ï‡§≤ ‡§™‡§ï‡§° ‡§†‡§ï ‡§Æ‡§¶‡§¶ ‡§è‡§ï‡§∏‡§ü‡§∞ ‡§¨‡§®‡§´‡§ü ‡§ñ‡§§‡§Æ ‡§≤‡§Æ‡§ü‡§° ‡§ü‡§á‡§Æ ‡§ï‡§¨ ‡§§‡§ï ‡§ë‡§´‡§∞ ‡§µ‡§§ ‡§ü‡§ï ‡§Ö‡§µ ‡§ñ‡§≤ ‡§¨‡§ú ‡§è‡§µ‡§∞‡§•‡§ó ‡§ë‡§™‡§ü‡§∞‡§™‡§∞‡§™‡§®‡§ì‡§∞‡§∏‡§™ 40 ‡§™‡§∞‡§´ 15 ‡§ó‡§ú ‡§°‡§ü ‡§¨‡§§‡§Ø ‡§™‡§ö 35 ‡§µ‡§™‡§∏ ‡§Æ‡§≤‡§ó ‡§≤‡§¶ ‡§¨‡§§‡§è ‡§π‡§∞‡§° ‡§ó‡§ü ‡§Ü‡§ü ‡§ï‡§ü ‡§™‡§° ‡§≤‡§≤‡§á‡§Ö ‡§¶‡§¨‡§∞ ‡§¨‡§§‡§§ ‡§™‡§π‡§ö‡§∞ ‡§∞‡§™‡§£ ‡§∂‡§µ‡§£ 32 ‡§∏‡§¨ ‡§∏‡§ü‡§á‡§ü days to close ‡§§‡§ú campuses ‡§â‡§™‡§∏ ‡§≠‡§ü ‡§∂ ‡§∂‡§Æ 10,000 ‡§´‡§® ‡§´‡§≤‡§™ ‡§ï‡§∞‡§ü ‡§∏‡§¨‡§ï ‡§™‡§∞‡§Æ‡§ü ‡§¶‡§∏‡§¶‡§∞ ‡§á‡§ü‡§∞‡§®‡§ü ‡§∞‡§° ‡§π‡§ï ‡§¨‡§† ‡§¨‡§∞ ‡§¨‡§ö‡§§ ‡§â‡§®‡§π‡§® ‡§¨‡§ü‡§® ‡§¶‡§¨‡§Ø ‡§ó‡§à ‡§∏‡§≤‡§° ‡§Ü‡§ú‡§Æ ‡§ñ‡§¨‡§∞ ‡§Ö‡§ï‡§¨‡§∞ ‡§õ‡§™ ‡§Æ‡§®‡§ü ‡§¶‡§∏ ‡§¨‡§ó ‡§ó‡§è ‡§ü‡§∂‡§® ‡§™‡§ö‡§∏ ‡§Ö‡§®‡§∏ ‡§≠‡§¢‡§Ø ‡§¨‡§†‡§ó ‡§¶‡§¨‡§µ ‡§®‡§§‡§ï ‡§¶‡§Æ‡§ó ‡§∏‡§∞ ‡§¨‡§ñ ‡§´‡§≤‡§∂ ‡§¨‡§∏‡§ï‡§≤ ‡§ï‡§µ‡§ü‡§ü ‡§ü‡§® ‡§§‡§á‡§Æ ‡§∏‡§ó‡§®‡§´‡§ï‡§ü ‡§°‡§∏‡§ï‡§â‡§ü ‡§Æ‡§ü‡§á‡§Æ ‡§∏‡§´ ‡§Ö‡§®‡§∏‡§¶‡§∂ ‡§®‡§Ø‡§ï‡§§ ‡§°‡§≤‡§ï‡§∞ ‡§∞‡§ñ ‡§á‡§ü ‡§ì‡§®‡§≤ ‡§¶‡§∏‡§ü ‡§â‡§®‡§ï ‡§ú‡§®‡§ï ‡§¶‡§ñ‡§è ‡§™‡§∞‡§á‡§µ‡§ü ‡§ï‡§≤‡§¨ ‡§Æ‡§¨‡§∞ ‡§™‡§∞‡§∂‡§∞ ‡§∏‡§≤ ‡§ü‡§ï‡§® ‡§Ü‡§á‡§ü‡§Æ ‡§∏‡§π‡§§ ‡§™‡§õ ‡§á‡§Æ‡§≤ ‡§™‡§∞‡§∏‡§ü ‡§¨‡§¢‡§Ø ‡§°‡§∏‡§∂‡§® ‡§á‡§®‡§µ‡§ü‡§∞ ‡§µ‡§® ‡§∏‡§™‡§∂‡§≤ ‡§¶‡§ó ‡§ö‡§ï‡§ï‡§∞ ‡§∏‡§≤‡§ú ‡§ú‡§°‡§§ ‡§¨‡§ï‡§≤ ‡§•‡§∞‡§° ‡§ü‡§ï‡§µ‡§∞ ‡§π‡§® ‡§¨‡§Ø ‡§¨‡§´‡§∞ ‡§ó ‡§Ö‡§™ ‡§∏‡§™‡§≤‡§á‡§ú ‡§ë‡§∞‡§°‡§∞ ‡§ó‡§∞‡§≤‡§´‡§∞‡§° ‡§™‡§Ø‡§∞ ‡§™‡§ï‡§∏‡§§‡§® ‡§Æ‡§ú ‡§ü‡§≤‡§ú‡§® ‡§ï‡§â‡§ü‡§°‡§â‡§® ‡§ü‡§á‡§Æ‡§∞ ‡§ó‡§° ‡§®‡§Ø‡§ú ‡§™‡§∞‡§£ ‡§∏‡§ö‡§® ‡§ú‡§®‡§ï‡§∞ ‡§Æ‡§∏‡§∏ ‡§Æ‡§®‡§® ‡§∏‡§µ‡§à ‡§π‡§Æ‡§∞ ‡§π‡§à ‡§è‡§∏ ‡§ï‡§∞‡§∏ ‡§ï‡§® ‡§ë‡§®‡§ü‡§∞‡§™‡§®‡§Ø‡§∞‡§∂‡§™ ‡§´‡§∞‡§µ‡§≤ ‡§Ö‡§ó‡§∏‡§§ ‡§¶‡§™‡§π‡§∞ 12 ‡§™‡§ß‡§∞ ‡§ó‡§ú‡§ú ‡§∏‡§Æ‡§™‡§§ ‡§∏‡§™‡§∞‡§£ ‡§ú‡§∏‡§® ‡§ú‡§¶‡§ó ‡§á‡§∏‡§® ‡§π‡§ú‡§∞ ‡§ü‡§ü ‡§´‡§Ø‡§¶ ‡§â‡§†‡§è‡§ó ‡§´‡§Ø‡§∞‡§µ‡§≤ ‡§ï‡§∞‡§∏‡§™‡§∞‡§£ ‡§Æ‡§§ ‡§Ø‡§¶ ‡§∞‡§ñ‡§® ‡§™‡§∞‡§Æ‡§Ø‡§Æ ‡§∏‡§µ‡§ü ‡§®‡§á‡§® ‡§•‡§â‡§ú‡§® ‡§è‡§° ‡§Ö‡§†‡§∞ ‡§§‡§ú‡§∞ 20 ‡§™‡§∞‡§¨‡§≤‡§Æ ‡§∏‡§≤‡§µ‡§ó ‡§ï‡§Æ‡§§ tongue ‡§Ø‡§® 5 ‡§™‡§∞‡§Æ ‡§ä‡§™‡§∞ ‡§¨‡§ö ‡§∞‡§ñ‡§è ‡§Ü‡§è‡§ó ‡§ö‡§≤ ‡§Æ‡§≤‡§§ ‡§ï‡§µ‡§∂‡§ö‡§™ ‡§ú‡§û‡§® ‡§ö‡§ï ‡§ï‡§µ‡§≤ ‡§™‡§∂‡§ü‡§ì‡§ó ‡§ï‡§§‡§® ‡§Æ‡§ó ‡§ú‡§ì‡§ó ‡§ï‡§∞‡§∏‡§ú ‡§∞‡§™ ‡§°‡§≤‡§∞ ‡§Æ‡§∞‡§ï‡§ü‡§ó ‡§∞‡§≤‡§∂‡§®‡§∂‡§™ ‡§Æ‡§®‡§ú‡§Æ‡§ü ‡§™‡§ï ‡§∏‡§∞‡§µ‡§∏ ‡§´‡§∏‡§µ ‡§¨‡§ú‡§®‡§∏ ‡§ë‡§ü‡§Æ‡§∂‡§® ‡§™‡§∞‡§™‡§∞ ‡§µ‡§°‡§Ø‡§∏ ‡§∏‡§ü‡§ï ‡§Æ‡§∞‡§ï‡§ü ‡§è‡§ï‡§∏ ‡§™‡§∞‡§ú‡§ü‡§∂‡§® ‡§´‡§∞‡§ö‡§á‡§ú‡§ó ‡§Ü‡§à‡§°‡§Ø‡§∏ ‡§è‡§ï‡§µ‡§≤ ‡§ó‡§≤ ‡§´‡§∞‡§ö‡§≤ ‡§™‡§≤‡§®‡§ó ‡§ï‡§∞‡§Ø‡§∞ ‡§≤‡§∏‡§∏ ‡§ü‡§Æ‡§®‡§ú‡§Æ‡§ü ‡§ó‡§ó‡§≤ ‡§°‡§∞‡§á‡§µ ‡§Ø‡§ú ‡§∏‡§ï‡§§ ‡§è‡§ï‡§∏‡§è‡§≤ ‡§Æ‡§Ø‡§ö‡§Ö‡§≤ ‡§´ ‡§¨‡§®‡§è ‡§ï‡§∞‡§∏‡§∏ ‡§Æ‡§π‡§ï‡§Æ ‡§™‡§∂‡§ü ‡§Ö‡§ó‡§∏‡§ü ‡§ú‡§§‡§® ‡§Æ‡§∞‡§ú ‡§π‡§ü ‡§≤‡§Æ‡§ü‡§ü‡§á 1 ‡§Ø‡§¶‡§≤ 79,000, 89,000 ‡§¶‡§≤ ‡§≠‡§à‡§Ø ‡§ï‡§∞‡§Ø‡§ó ‡§ï‡§π ‡§≤‡§ú‡§Ø ‡§®‡§ö ‡§ï‡§Æ‡§ü ‡§¨‡§ï‡§∏ ‡§¨‡§§‡§á‡§è ‡§≤‡§á‡§ï ‡§â‡§§‡§∏‡§¨ ‡§¨‡§¢‡§à ‡§®‡§è ‡§§‡§¨‡§ï"
How to Create a Marketing Plan | Step-by-Step Guide?,"Take a look at all of the available plan templates Visme has to offer here: https://www.visme.co/templates/plans/

If you're looking to ramp up your brand's marketing strategy and start reaching a wider audience, you need to know how to create a marketing plan. We've made it easy for you with this step-by-step guide and a selection of marketing plan templates. Get started today: https://www.visme.co/marketing-plan/

---

Whether you're launching a new product or campaign, creating your first marketing plan or simply revisiting an older one, it's essential to have documented guidelines in place so that your entire marketing team is on the same page.

That's why we've put together these easy steps on how to create a marketing plan. We want to make the process as easy as possible for you.

In this video, you'll find a plethora of marketing plan templates that you can choose from as well as our step-by-step process on how to create a marketing plan that works for your brand.

Follow along to learn more about each of these steps:

0:00 intro
1:01 Learn about marketing plan basics.
2:26 Step 1: Start with an executive summary.
3:04 Step 2: State your company's mission, vision and values.
3:33 Step 3: Identify the market and competition.
4:37 Step 4: Define your target customer.
5:50 Step 5: Outline your marketing goals.
6:54 Step 6: Present your marketing strategy.
8:04 Step 7: Define your marketing budget.
8:34 Check out our marketing plan templates.

Utilizing a template to help jumpstart your marketing plan strategizing can be the perfect way for your team to develop a winning plan for your business. Take a look at all of the available plan templates Visme has to offer here: https://www.visme.co/templates/plans/

Update the template to match your brand colors and fonts, follow each of the steps outlined in this video and come away with a marketing plan that is sure to impress your boss.

To learn even more about how to create a marketing plan, check out the blog post version of this video: https://visme.co/blog/marketing-plan/

#marketingplan #marketing #digitalmarketing","youre ready to start marketing, but you have no plan. Where do begin? What should include? How can present it? You the questions, we answers. Hello world, my name is Mike Ploeger and here at Visme aim make your work life easier. Whether its design, presentations, or tools help become a true professional. Marketing necessary operation for any business looking take leap towards success. However, if dont proper experience, might be lost on how create marketing plan these are extremely helpful when it comes understanding business, clarifying goals, staying focused, keeping everyone team same page. In this video, Ill through seven steps creating winning plan, as share number of templates with. Lets get started. Step 1. Understanding purpose behind step one. Ideally, used set understand target audience, optimize impact campaigns. Communicating big strategy idea what all about. order this, every consist following. 2. Number one, short longterm 3. two, description audience their persona. And three, one more highlevel strategies tactics. This infographic template available Vizme now features each key details. It clarifies objectives, in an easily consumable If wanted go extra mile include even detail, could also add overview current market situation, performance indicators, budget financial considerations, timeline will carried out. Typically, information communicated PDF, saw. But feeling creative, try infographic, full presentation, interactive webpage Who knows, difference between someone elses. Without further ado, lets dive into 7 effective Creating Start with executive summary. essentially brief summary entire company details highlights function shouldnt very long. The past achievements future direction company. Consider here. concise point. want tease viewers whats come them edge business. seats. Its not overwhelming, quick introduction before meat Revisiting companys mission, vision, values important highlight early on. Why? Itll provide clarity answer questions why way that is. show had mind throughout planning process. Templates because itll educate remind got point theyre currently where future. Researching One first doing research. Study market, study competition, others thats working, then better? Deeply analyze own strengths weaknesses. Touch well, afraid communicate think stronger. A SWOT analysis orÌñàrageÏπòÍ∞Äure‡πÄ‡∏• L port up another side by eyeopening sure hard look competition crucial compete after identifying must identify customer allow informed tailored build person from scratch old they income interests value perfect putting youve built paper explaining him her during presentation meeting almost always wants explain themselves job resume course closely resembles actual includes basic photograph personality traits bio goals frustration edit however see fit describe mixture different people data widgets break down much cater group other theres charts graphs use went pie percentages easier than was trying without visual done research know time outline hoping achieve most thing remember specific numbers web traffic say goal increase our site 30 within next three months need concrete blanket statement simple easy digest lays out measurable clear following progress wont difficult definitive I mentioned deadlines case fitting accomplish phases properly plans follow along refer back change about off track. Continuing last point, sixth lay beginning end. Theres write step. One, do. Two, it. channels use. highly recommend turning fully thought To them, turn series steps. something needs moving Or certain dates deadlines, better. Specific laid phase project launch. ensure completed time, using template. Infographics general wonderful displaying understand. People likely retain paired rather text alone. Another consider this. Lay detailed manner, leaving nothing imagination. Last least, detail considerations going cost reach goal? upfront. At least best can. costly, there often lot hidden expenses. may all. clearly Try cap stay under jump. Weve covered preparing able put together finish, did few more. simple. Youll you, depending industry in. restaurant versatile either massive chains local eateries. replace photos colors, templates. real estate part team, operating useful. included makes businesses focused property marketing. restaurant. class content company, level. organize editorial calendar time. Or, social media? We manage pages some sort, well. Want followers? ideal followers, digital has modern feel features. exists. analysis, summary, strategies, all, waiting hop board own. Product requires consumers form Thats covers those basics, minute ago. yourself? Build personal brand? Well, too. threepage highlighting skills experience getting goals. wouldnt video discussing infographics. changed game presenting fun, animated, clean designs. onepage contains overwhelm audience. Okay, research, scanning Vismes collection. ones weve discussed today, now. Head visme.com meantime, thank watching. were help, wed love click button below. cards, maybe Well again soon. For now, Im Visme, helping beautiful. Ploeger. ."
boAt Case Study || boAt Marketing Strategy || boAt Success Story || boAt Business Model?,"BoAt is an India-based company that was incorporated in November 2013. BoAt bargains in headphones, earphones sound systems, travel chargers, and premium rough links. Aman Gupta is a fellow benefactor and head advertising official of BoAt. He was additionally one of the sharks from Shark Tank India.

Aman Gupta observed the market hole. However the earphones are being utilized for a long while in India, very much like they are utilized in some other areas of the planet, just a small bunch of Indian makers can be spotted. boAt has been named the fifth-biggest wearables brand worldwide since December 2020.

In this video, Rahul Malodia will be giving a detailed case study on boAt company. There are many business lessons from this new booming business. Watch this video and let us know your views.

#boAt #boAtCaseStudy #boAtBusinessModel #boAtBusiness #boAtMarketingStrategy #boAtSuccessStory #boAtFounder #boAtAmanGupta #CaseStudy #RahulMalodia 

Rahul Malodia is a professional CA, Management Consultant, And Business Coach. He started a revolution for Businessmen, with a mission in his eyes of Business Freedom. He begins with a basic session where you will find every aspect of your business. It is applicable to every business, be it big or small.

Join Vyapari to CEO Class : https://payments.pabbly.com/api/affurl/AUeZ0g97Yq6lZ06mGo/lfNMQYASZ0K0X32Uo?target=oLqfRVnaKaNEdxGo
Mobile : +91 8209490260
Email : contact@rahulmalodia.com

‚ñ∫ Instagram: https://www.instagram.com/rahulmalodiaofficial/
‚ñ∫ Facebook: https://www.facebook.com/RahulMalodiaOfficial
‚ñ∫ Twitter: https://twitter.com/carahulmalodia
‚ñ∫ Linkedin: https://www.linkedin.com/in/rahul-malodia-5ab2138a/
‚ñ∫ Telegram: https://t.me/CArahulmalodiaofficial
‚ñ∫ FB Community: https://www.facebook.com/RahulMalodiaOfficial/groups
‚ñ∫ Website: https://rahulmalodia.com/ Discover hassle-free insurance policies and secure your future with Policy Bazaar. Click here üëáüëáüëá:
Term: https://termlife.policybazaar.com/?utm_source=YT_NonBrand_RahulMalodia&utm_medium=Native&utm_campaign=Term_Insurance_Jul23

Health: https://health.policybazaar.com/?utm_source=YT_NonBrand_RahulMalodia&utm_medium=Native&utm_campaign=Health_Insurance_Jul23","‡§∏‡§≤ 2021 ‡§Æ 1500 ‡§ï‡§∞‡§° ‡§ï ‡§ü‡§∞‡§®‡§µ‡§∞, ‡§™‡§õ‡§≤ ‡§∏ ‡§™‡§∞‡§´‡§ü 61 ‡§§‡§ú, ‡§î‡§∞ TWS ‡§ú True Wireless Studio ‡§Æ‡§∞‡§ï‡§ü ‡§π, ‡§â‡§∏‡§Æ 36 ‡§∂‡§∞, ‡§Ø‡§π ‡§π ‡§¨‡§ü ‡§ï‡§π‡§®, ‡§∏‡§¨ ‡§ï‡§Ø ‡§â‡§®‡§π‡§® ‡§≤‡§∏‡§ü ‡§ï‡§õ ‡§Æ, ‡§§ ‡§Ü‡§ñ‡§∞ ‡§á‡§§‡§® ‡§¨‡§° ‡§¨‡§∞‡§° ‡§¨‡§® ‡§ï‡§∏, ‡§ï‡§® ‡§ê ‡§∏‡§≠ ‡§¨‡§§, ‡§≠‡§∞‡§§ ‡§™ ‡§Ö‡§∂‡§®‡§∞ ‡§ó‡§∞‡§µ‡§∞ ‡§ú, ‡§≤‡§∏ ‡§ï‡§ü ‡§™‡§Ø‡§ú ‡§Æ‡§∏‡§≤ ‡§Ö‡§≤‡§° ‡§ï‡§∏‡§ü‡§° ‡§ï‡§∞ ‡§ö‡§ï ‡§∂‡§ï‡§§‡§ó ‡§ü‡§∞‡§ï, ‡§Ö‡§ó‡§∞ ‡§Ü‡§™ ‡§ö‡§®‡§≤ ‡§®‡§è ‡§™‡§≤‡§ú ‡§á‡§∏‡§ï ‡§∏‡§¨‡§∏‡§ï‡§∞‡§á‡§¨ ‡§¶‡§ú‡§è, ‡§ö ‡§¶‡§∏‡§§ ‡§Ø‡§• ‡§ì‡§¨‡§ü ‡§ï‡§Æ‡§® ‡§∂‡§∞‡§Ü‡§§ ‡§π‡§à ‡§• 2013 ‡§™‡§∞ ‡§Ö‡§∏‡§≤ ‡§™‡§∑ ‡§á‡§®‡§ï ‡§∏‡§≤‡§∏ ‡§Æ‡§≤ ‡§µ 2016 ‡§¨‡§¶, ‡§ê‡§∏ ‡§ó‡§Ø, ‡§è‡§™‡§≤ ‡§® ‡§≤‡§ö ‡§è‡§∞‡§™‡§ü, ‡§§‡§Æ ‡§∏‡§° ‡§≤‡§ó ‡§Æ‡§∏‡§ï ‡§∞, ‡§ï‡§à ‡§µ‡§Ø‡§∞ ‡§µ‡§°‡§Ø ‡§ï‡§´ ‡§¨‡§π‡§§ ‡§¨‡§§ ‡§¶ ‡§¶‡§Ø ‡§¨‡§¢‡§® ‡§µ‡§π ‡§ñ‡§≤ ‡§®‡§π ‡§â‡§¨ ‡§∂‡§ï‡§ï ‡§≤‡§è ‡§ú‡§ó‡§π‡§ñ‡§≤ ‡§Ü‡§ß ‡§Ø‡§ü‡§Ø‡§¨ ‡§ö‡§≤‡§® ‡§∂‡§µ‡§® ‡§∏‡§™‡§ü‡§´‡§á‡§Ø ‡§®‡§ü ‡§≤‡§ó‡§§ ‡§ï‡§µ‡§≤‡§ü ‡§°‡§Æ‡§° ‡§ú‡§Ø‡§¶ ‡§Æ‡§Ø‡§ú‡§ï ‡§∏‡§® ‡§Æ‡§¨‡§á‡§≤ ‡§ñ‡§∞‡§¶‡§§ ‡§â‡§∏‡§ï ‡§∏‡§• ‡§è‡§Ø‡§∞‡§´‡§® ‡§Ü‡§§ ‡§Ö‡§¨ ‡§Ö‡§≤‡§ó ‡§≤‡§® ‡§™‡§°‡§ó ‡§è‡§ï ‡§®‡§Ø ‡§¶‡§ñ ‡§ï‡§≤‡§ï‡§®‡§Ø ‡§π‡§Æ‡§® ‡§≠ ‡§â‡§∏ ‡§ï‡§™‡§® network ‡§Ø‡§ú‡§®‡§∂‡§® ‡§á‡§ü‡§∞‡§®‡§∂‡§® ‡§≤‡§ó‡§™‡§∏ ‡§Ö‡§™‡§°‡§ü offended on ‡§ü‡§™ ‡§¨‡§ü‡§∞‡§∏ ‡§ö‡§∞ ‡§™‡§∏ ‡§¨‡§π‡§µ‡§ï ‡§¶‡§ñ‡§§ camarstroke ‡§§‡§∞‡§ï pricing, pricing ‡§ï‡§∏ ‡§Ü‡§™‡§ï different ‡§Æ‡§®‡§§ example ‡§¶‡§ï ‡§¨‡§§‡§§ ‡§≤‡§ñ product ‡§ú‡§ì‡§ó, ‡§∏‡§∏‡§§ ‡§Æ‡§π‡§ó normally category ‡§ú‡§§ ultra premium, sub affordable, ‡§Æ‡§§‡§≤‡§¨, ‡§á‡§∏ ‡§ï‡§π 8090,000 ‡§π‡§Æ‡§∞ capacity ‡§≤‡§ï‡§® 50,000 ‡§â‡§™‡§∞ ‡§ñ‡§∞‡§ö ‡§∏‡§ï‡§§ 5080,000 ‡§Ü Samsung ‡§∞‡§ú last ‡§ï‡§∏‡§® ‡§Ö‡§§‡§® ‡§π‡§Æ mobile 15,000 ‡§®‡§ö phone, ‡§â ‡§Ö‡§≤‡§µ ‡§ï‡§∞‡§§, Apple ‡§≤‡§µ ‡§¨‡§¢‡§Ø phone ‡§∏‡§Æ‡§Ø ‡§®‡§π, market ‡§ñ‡§≤, company enter ‡§π‡§à, ‡§®‡§Æ OnePlus, OnePlus ‡§™‡§° ‡§ó‡§∏‡§§ ‡§ï‡§∞‡§ó ‡§ï‡§Ø, ‡§á‡§∏‡§≤‡§è ‡§¶‡§Ø, ‡§ï‡§Ø‡§ï same example, ‡§Æ‡§® ‡§≤‡§ó‡§Ø ‡§•, ‡§¨‡§∞ headphone industry ‡§¶‡§ñ, premium earphone, ‡§ï‡§∞‡§§ Bose, ‡§¨‡§¶ category, 10,000 ‡§µ‡§≤, JBL, third 5000 boat by far, ‡§≠‡§à‡§Ø, ‡§µ‡§≤ competition ‡§≠‡§à‡§Ø ‡§≤‡§§ ‡§™‡§õ‡§ó ‡§∞‡§â‡§ú, ‡§ú‡§®‡§Ø‡§∞ ‡§ï, ‡§ú‡§¨ ‡§∞‡§¨‡§∞‡§ü ‡§°‡§â‡§® ‡§è‡§° Iron Man ‡§∞‡§π ‡§π‡§≤‡§ï ‡§´‡§≤‡§ï ‡§∏‡§ï‡§§, main bracket ‡§Ü‡§à, ‡§ï‡§∞‡§£, value ‡§¨‡§¢ ‡§ó‡§à, ‡§§, suddenly 4 brand 20002000 ‡§∞‡§™‡§è 2002000 range ‡§ú‡§∏‡§ï packing ‡§ú‡§∞‡§¶‡§∞, color design ad ‡§∏‡§•, Hardik Pandya, ‡§¨‡§≤‡§ó ‡§Ø‡§∞, ‡§á‡§® ‡§Ø better celebrity endorsement technique ‡§ï‡§Æ ‡§≤, ‡§ß‡§∞ ‡§Ü‡§µ‡§ú ‡§°‡§ó ‡§∞‡§π, ‡§¨‡§ï‡§∞ ‡§ú‡§Ø ‡§∏‡§∞ headphones ‡§≤‡§ó‡§¨‡§ó ‡§ú‡§∏ innovation tangible ‡§¨‡§≤‡§è, ‡§†‡§ï 2000 second ‡§ö‡§ú ‡§Ü‡§ì, ‡§¶‡§≤‡§ú‡§§ ‡§≤‡§ï ‡§ú‡§ì, ‡§ú‡§°‡§® ‡§≤‡§ó, ‡§∏‡§ö‡§§ ‡§´‡§á‡§¶ 5 ‡§ï‡§∞‡§°, 10 ‡§∞‡§™ ‡§¶‡§® ‡§´‡§á‡§¶, notice ‡§ï‡§∞, ‡§®‡§ï‡§≤ ‡§ó‡§è, ‡§π‡§∞‡§¶‡§ï ‡§™‡§°‡§ó‡§∏‡§∞ face ‡§™‡§õ 100 ‡§Æ‡§®‡§´ additional ‡§ï‡§Æ‡§Ø ‡§ï‡§Æ‡§≤ ‡§Ö‡§™‡§® turn over ‡§¨‡§à‡§∏ ‡§ö‡§≤ ‡§¶‡§∞ ‡§™‡§π‡§≤ segment ‡§ñ‡§¶ establish ‡§Ö‡§≤‡§ó‡§Ö‡§≤‡§ó ‡§™‡§π‡§ö ‡§π‡§® success ‡§Ü‡§ó strategy ‡§∏‡§¨‡§∏ important ‡§™‡§∞‡§ü ‡§™, business lesson, lesson ‡§§‡§ï story ‡§Ö‡§ö‡§õ please ‡§ï‡§ú‡§è, share channel subscribe learning, ‡§ú‡§π gap ‡§ú‡§è, best ‡§è‡§ï‡§¶‡§Æ clean ‡§Ü‡§à ‡§≤‡§ó‡§à unorganized ‡§ï‡§∞‡§®, organized number two marketing is important, normal ‡§¨‡§ï ‡§¨‡§ö ‡§Ü‡§à‡§è, its free for every businessman, everyone businessman ‡§¨‡§®‡§® ‡§ö‡§π‡§§ ‡§Ö‡§ó‡§≤ case study ‡§Æ‡§ù chat box ‡§¨‡§§‡§à‡§è, ‡§ú‡§∞‡§∞ ‡§¨‡§®‡§§ ‡§∏‡§Æ‡§® ‡§≤‡§ï‡§∞ ‡§§‡§¨ ‡§ß‡§®‡§Ø‡§µ‡§¶, ‡§ú‡§®."
"7 Effective Marketing Strategies for 2024 (TIPS, TRICKS & TACTICS)?","Start Here to Make $5-10K/Month (FREE Course ‚Äì Join Today): https://grow.adamerhart.com/start?utm_source=yt&utm_medium=social&utm_campaign=organic

-

Try HighLevel FREE ‚Äì 30-Day FREE Trial of the Best Marketing Tool Ever!
üëâ https://www.gohighlevel.com/adam-erhart-unlimited?fp_ref=adam86

Unlock my proven marketing system that delivers incredible client results, PLUS grab these exclusive FREE bonuses when you sign up:
‚Ä¢ $10K Agency Blueprint: Proven steps to build a $10K/month agency
‚Ä¢ Lead-Gen Playbook Bundle: Training, webinar series, and ready-to-use snapshots
‚Ä¢ Weekly Business Coaching: Live Zoom sessions for a tailored business strategy
‚Ä¢ Complete Marketing Campaigns: Profitable campaigns and funnels
‚Ä¢ 1-on-1 Kickoff Call: Personalized account kickoff call for a fast start
‚Ä¢ Exclusive Bonuses: Sales funnels, client strategies, and much more

All included FREE with a 30-Day Extended Trial‚Äîcancel anytime! Get started here: https://www.gohighlevel.com/adam-erhart-unlimited?fp_ref=adam86

üö® Heads Up üö®: Disable any VPNs or ad blockers before signing up to ensure you receive all bonuses.

----------------

ABOUT: I'm Adam Erhart, a marketing strategist with over 10 years of experience helping entrepreneurs build profitable, scalable marketing systems. I've worked with brands like Google, Meta, and Amazon, and my focus is on real results, not fluff. Feel free to explore the 1,000+ videos on this channel to verify everything I‚Äôm saying and let‚Äôs get started growing your business! Want a PROFITABLE marketing strategy? Go here: https://grow.adamerhart.com/cheatsheet?el=yt

DISCLAIMER: Heads up‚Äîsome of the links I share are affiliate links, meaning I may earn a small commission if you make a purchase (at no extra cost to you). Rest assured, I only recommend what I use, trust, and pay for myself.

0:01 - Introduction: 7 marketing secrets to improve your results
0:31 - The importance of understanding your marketing challenges
1:22 - Why marketing isn‚Äôt working: The problem of not doing enough
1:54 - Common misconception: Marketing requires more effort and investment
3:03 - The first secret: Finding your marketing sweet spot
3:30 - The Bell Curve: Minimum Effective Dose and why most businesses don‚Äôt reach it
4:56 - The sweet spot for saturation in marketing
5:16 - Pushing beyond the minimum effort for better results
7:12 - The Rule of 7: Importance of consistent touchpoints
9:01 - Importance of showing up in front of your target market
9:42 - The Mere Exposure Effect: Trust through repeated exposure
10:46 - The importance of email marketing and increasing email frequency
11:22 - Go deep, not broad: Focus on your ideal audience
12:52 - Ideal Customer Avatar (ICA): Understanding your audience
16:15 - Miracles and Misery: Identifying customer desires and pain points
21:26 - Recap: The importance of doing more marketing and the key strategies to use","Hey there my friend, Adam here. Today I want to share with you seven marketing secrets or hacks tricks. Essentially things that nobodys talking about, not even me often. And its because theyre a little more complicated and nuanced than the quick hits we often get when it comes social media. Things post this time adapt your content for algorithm tweak use kind of font color all those things. What Id rather do is core why may be working as want. if okay, understanding Im going walking through here today will allow immediately upgrade it. Get better results, clicks, traffic, sales from everything do. only that, probably most important thing could ever give show how think about marketing, process different strategies. crazy stuff goes on inside head evaluating tactics tools resources that. goal ambitious is, try pack into very short period youre able watch extract these golden nuggets apply them business, clients whatever doing. starts now. first need talk what ends up happening someone says, Hey, marketings working. nothings happening. No ones clicking. watching stuff. The isnt pushing promoting people. Nothings Its something hear time. see in comments below. Very common. 90 doing enough marketing. question volume. quantity, much quality. let explain. dont know one. Maybe rich the, uh, courses programs promise can become millionaire 30 days no work is. But some reason, people they make Facebook ad an Instagram one video YouTube theyll blow next viral sensation out miraculously well. seriously, wish was case. Thatd amazing, but right. business function. sound horribly boring, accounting finance legal aspects HR Theyre functions, which means require They energy. money investment order work. Now, It wont traction then swear off platform. hop over here, Twitter now couple tweets. Nobody engages. frustrated angry reality havent done enough. thats concept, sort hack secret identifying sweet spot. rudimentary art drawing class ever, exactly mean by where fall vast majority businesses fall. find yourself position, answer keep through. dial back, pivot, anything forward. looks like. imagine second, bell curve, traditional curve. Of course, thatll go. Well ink flowing our ugly, ugly have three, three sections. Now left, call minimum effective dose. MED, dose, essentially happens dose 5. until range, nothing matters. making media sees wonder spending 5 ads getting immediate swearing entire online advertising system hit Theres momentum. This —Å–æ–≤–µ—Ä—à–µ–Ω–Ω–æ clicked are hundreds facilities trying pull area dance together initially two correct. candy again. reformbox today. See, I, Yummy. got fish, Go, Ouch. points required. Again, well second. Youre sure reach seeing content. youve saturated can. spot huge, massive, massively huge. were thinking market, industry, huge industries, billions dollars. unless billion dollars year more, theres thinks well, look, already posting once day Instagram, week, Ive podcast. pretty maxed out. else sitting at, know, say million bucks year. in, lets health fitness. say, fitness massive multibillion dollar year, hundred grand scratched surface capable amount reach. go five posts day. You week videos start other channels. podcasts. at point, third area, diminishing returns. Diminishing There D diminishing. point eventually money, effort, pay off. cant begin tell worked last 10 years, tiniest fraction falls typically month simply front their ads. blogging, podcasting, SEO, running Google biggest example searchbased PPC, payperclick advertising, search ad. , max again, broader. discovery platforms put potentially interested. lot ways. a, bright, happy, colorful marker. everybody down whats possible. wondering biggest, best piece advice really, more. course strategic. Thats rest answer. note, more? leads rule seven. depending market selling low value high value, universally agreed somebody purchase decision take action buy you, around touch points, engagements, insights, interactions brand. time, expect multiple times. Seven. expensive, 14. If significantly cheaper, gum 99 cents something, points. One, should sufficient, forces too early. looking statistics realize conversions, closeups, closes happen after rejections followups, emails, extra calls. rarely, never Same Bit side note many. Sales one, same concepts, strategies, sales. exciting challenging instead convince person overcome objections fears concerns, en masse without feedback market. seven, important. this? Well, showing ideal target present active, selective to, creating, putting alignment, style hate doing, also are. In fact, element. being Pinterest TikTok arent there. active online, mission follow consistently offers. psychological phenomenon, mental use. talked ton channel called mere exposure effect. effect phenomenon says people, humans, associate frequency trust. us, trust us. stems back caveman saw times didnt kill us eat assumed safe. programming, evolution carried forward again naturally familiar them. less scary therefore likely following solid email strategy place paramount. crucial. Probably second offer zone valuable think. weird rule, gospel world send most, maybe bother Garbage. absolute garbage. plenty industries every days. companies consulted own stake emails works. People angry. subscribed. Youve who least. However, shooting minimum. Otherwise, chance establish advantage perfectly secret, deep broad. pet peeve whenever ask somebody, whos market? everyone money. amazing. great. eight planet. Even wanted terrible, terrible fits business. reign bit? separate men women, four country. 100 million. area. mean, still, carve lower number. Someone connect deeper level. easiest way look appreciate customer. know. experiences have. solving problem had point. care help understand bit situation therefore, attract similar you. another reason personal brand coach consultant tend years age. 30, youll 20 40. 40, 50. Whatever sliding scale, each tends That balloon average, range. relate better. words grew references. All connections fewer superficial level big broad, everybody, forced water message. becomes vanilla. bland. has specific someones unique pains problems, wouldnt appealing interesting else. boring ignores marketers saying higher quality service everybodys heard before, completely blind deaf to. solve move ICA. ICA Marketing Talk Ideal Customer Avatar. strict exact fictional representation customer name hair theyve wear shoes listen music. necessary. helpful clear commonalities, common characteristics top customers, clients, audience members divide categories, demographic. age, gender, income, occupation, title, stereotypical associate. Number two, geographic differences? details? city, state, province, country, live? psychographic details. bulk formed. values, attitudes, interests, beliefs, organizations, political affiliations, lifestyles, After all, group broad buckets women age product sell, wide range Then incomes, income. Some insgesamt costs. part perspectives hands on? hands, including products services. sometimes spend wallet challenge. When usually small increases revenue, potential doublehanol. A come chemists, martys vrai life real worldtrovers impÂïèÈ°å themselves fishing end thesekadonnex.com. pro given arbitration insurance, definitely bland terminology, turn irrelevant ICA, multiple. dive details values attitudes interests beliefs. miracles misery. pen creating avatar, audience, results miseries. great expression love customers understand, feel understood. understood this. miracles, want, needs, desires, dreams, would happen, desired state get. ways ahead few These fears, pains, frustrations, away from, least regards offer. identify ideally drill painful are, desirable states position bridge takes miracle, whoo, Memo self, gotta smaller tip markers. it, Your businesss job, offer, product, service, current wanna pain towards state. communicate job conversions moving miseries miracles. cliched break super saying, sell benefits, features sizzle, steak. cliches, element truth absolutely fact representing promote, features, deliver benefits. after. features. positively impact yes, cursory mention flip benefit. favorite examples, like, hey, pen. doesnt cap, gonna analogy anyway. does cap cap? benefits provides, highlight. feature cap. prevents yourself. elaborate We explain further on. note. Do caps tiny holes? around, holes lid. swallow choke death. Random, hey? Anyway, emotionally driven. emotion far powerful driver logic. Doesnt shouldnt should. moneymaker. compels action. core, achieve goals increase status. healthier happier wealthier any intrinsic drivers humans. properly happen. heres kicker. whether page blog post, careful convert, lead logic still part. Not mention, emotional logical. other. within days, hours situations circumstances always control for. Which cover bases. driver, interacts tried work, emotion. forth. sprinkle proof, forms testimonials, guarantees, risk reversals. toolbox action, knowing full situation. funny, plan this, circle beginning statement effect, deep. ICAs highlight logical energy stage now, delivering leave hanging link digital help. check video. worst defense having funnel accurately, funnel. hoping wishing."
10 Marketing Strategies Guaranteed to Grow ANY Business (PROVEN & PROFITABLE)?,"Start Here to Make $5-10K/Month (FREE Course ‚Äì Join Today): https://grow.adamerhart.com/start?utm_source=yt&utm_medium=social&utm_campaign=organic

-

Try HighLevel FREE ‚Äì 30-Day FREE Trial of the Best Marketing Tool Ever!
üëâ https://www.gohighlevel.com/adam-erhart-unlimited?fp_ref=adam86

Unlock my proven marketing system that delivers incredible client results, PLUS grab these exclusive FREE bonuses when you sign up:
‚Ä¢ $10K Agency Blueprint: Proven steps to build a $10K/month agency
‚Ä¢ Lead-Gen Playbook Bundle: Training, webinar series, and ready-to-use snapshots
‚Ä¢ Weekly Business Coaching: Live Zoom sessions for a tailored business strategy
‚Ä¢ Complete Marketing Campaigns: Profitable campaigns and funnels
‚Ä¢ 1-on-1 Kickoff Call: Personalized account kickoff call for a fast start
‚Ä¢ Exclusive Bonuses: Sales funnels, client strategies, and much more

All included FREE with a 30-Day Extended Trial‚Äîcancel anytime! Get started here: https://www.gohighlevel.com/adam-erhart-unlimited?fp_ref=adam86

üö® Heads Up üö®: Disable any VPNs or ad blockers before signing up to ensure you receive all bonuses.

----------------

ABOUT: I'm Adam Erhart, a marketing strategist with over 10 years of experience helping entrepreneurs build profitable, scalable marketing systems. I've worked with brands like Google, Meta, and Amazon, and my focus is on real results, not fluff. Feel free to explore the 1,000+ videos on this channel to verify everything I‚Äôm saying and let‚Äôs get started growing your business! Want a PROFITABLE marketing strategy? Go here: https://grow.adamerhart.com/cheatsheet?el=yt

DISCLAIMER: Heads up‚Äîsome of the links I share are affiliate links, meaning I may earn a small commission if you make a purchase (at no extra cost to you). Rest assured, I only recommend what I use, trust, and pay for myself.

00:01 Creating Marketing That Works: A Proven Framework
01:03 The Non-Linear Path to Marketing Success
02:01 The Offer vs. Target Market Debate
03:34 Aligning Your Offer and Setting Marketing Goals
05:03 Understanding Your Target Market: The Core of Marketing
07:02 Defining Your Ideal Customer Avatar (ICA)
08:54 Miracles and Miseries: Addressing Customer Needs
10:29 Bridging the Gap Between Misery and Miracles
12:32 Choosing the Right Platforms and Content Type
14:54 Mandatory Marketing: Why Email is Essential
17:00 Building a Marketing Funnel and Customer Journey
19:45 Optimizing Your Funnel: Fixing Gaps and Boosting Results
22:29 Customer Lifetime Value (CLV): Increasing Revenue
24:54 Supercharging Your Strategy with Video Marketing
26:10 Getting Started with Video: From Stories to YouTube
28:25 Seven More Proven Marketing Strategies","Hey there, my friend, Adam here. And today I wanna walk you through 10 marketing tips and tactics strategies, or rather give a framework playbook that can use to create works, converts, thats profitable helps grow your business any youre working on. What this is going help do essentially anytime sitting down thinking of ways generate new customers more leads make sales launch campaign, its gonna roadmap follow from start all the way finish sure doing things in place for people, than randomly guessing hoping praying might magically work, which lets be honest, isnt much better gambling. makes no sense at all, especially when there far proven strategic path follow, one has been replicated thousands, if not tens hundreds thousands times, both myself clients over past years know work through, what Im about share with will have amazing positive effects on as well. said, dive in. Now, looking here original kind brainchild behind this, mess words thoughts ideas, tossed paper. Of course, typical fashion being slightly bit perfectionist, still it. Anyway, cleaned it up little bit. made cleaner diagram you. today, starting middle then our out. See, problem is, most people think marketing, they planning strategy that, view linear path. followed by this. When reality often lot rollercoaster ride. Were try were get data feedback, look analytics metrics, pivot adjust accordingly, go direction, move base those decisions off everything weve done worked didnt. continually evolves need able evolve adapt All set steps want take. You dont out posting random social media accounts because nothings frustrated, burned whole thing altogether. good you, hope serve, anyone. very first launching whether an existing business, center offer. could, struggle understand terrible handwriting was mocked time before, but Ive taken effort see works. perforated paper, thought. we are. Step number theres debate community comes growing focus offer target market? In other words, something find sell solve their problems? No seems agree got solution. If brand youve never sold anything anyone, idea mind, typically seek serve. Those are may resonate currently member group. reason market pains problems fears frustrations talk minute, position product service solution problems. On flip side, already length time, odds different products services selling. key specific selective choosing best margins fun deliver, highest potential scalability, easy sort clearly describe. recap selling, research, ideal segment serve match there. selling something. unique continue 8020ing customers. Essentially taking top 20 commonalities, traits? they, common? Where live? second market. right, form core point Everything alignment Its Marketing won single time. do, doesnt mean blast somebody offers lead overwhelm confusion paralysis analysis, knowing how confused buy. Okay, now next section Goals. Now heres deal. setting goals stickler making exact measurable goals. increase cost acquisition decrease 3 22.8. But North Star. A guiding area light towards these completely irrelevant paths ending somewhere benefit Good example owners, entrepreneurs, marketers, sadly, sake marketing. They told hey, some We stuff. stuff put unsurprisingly, Or wrong goal, creating getting likes comments shares building increasing engagement leads, customers, revenue actual growth. fortunately, goals, end goal normally pretty simple. mean, revenue. backwards assign relevant metrics KPIs known performance indicators, alignment. For example, thousand dollar phone close two sales, well, figured out, calls sale. then, okay, many order calls? clicks leads? back least gives direction towards. up, draw line Target market, possibly important element fact, word Weve baked into Thats is. core, central component entire structure. whats them. see, customer buy understand, feel understood. empathy. awareness. yourself shoes, perspective. connect relevant. not, would apply tune ever seen commercial YouTube ad Facebook material thought, dumb. seriously, sense. even theyre trying sell. happen figure sell, think, dumb product. Who that? thing. The product, service, whatever sold, good, sure, targeting could off. why seeing meant Sometimes happen. matter long them take action. inspired have, provided properly articulated That said hand, water message appeal everybody becomes bland boring generic. automatically exactly talking about. Talking ads, says provide faster delivery, superior, First terms. Theyre ambiguous. people. Second Everybody say Therefore, does nothing. specifics second. first, avatar, also sometimes ICA. break three categories. demographic details. These stereotypical age, gender, income, occupation, titles, generic avatar Then geographic city, state, province, country, principality, municipality, neighborhood. live, basically? This incredibly cultural differences between only countries, cities neighborhoods cities. mother psychographic values, attitudes, lifestyles, beliefs? organizations part of? Religious affiliations, political leanings, around dinner table. know. head supposed about? suggesting ads directly call keep mind materials. like? offensive? polarizing, reject repel else deal with? After drill details more. apart miracles miseries. miseries coined areas Their nightmares away from. wants dreams desires aspirations Every person, every someones miracles. Theres industries lean another. segments messaging someone pain, stronger. aspirational language helping achieve markets that. decent mix usually constantly negative horrible fixed blah, blah. Otherwise, come Debbie Downer. promising rainbows sunshine unicorns magical world, action pain. without meaningless. context have. where confusing. gap, gap bad theyd marketings job bridge communicate show things, acquire me offer, Well, be. moving Next present active. pet peeve mine. few peeves, ask who everyone world money. covered, cant broad, otherwise messages. marketers occasionally, hear platform channel opportunity identifying model, figuring Instead, headfirst platform, bunch stuff, nothing swear good. business. Your wasteland, devoid prospects Much alternative identify platforms demographic. Fortunately, secret knowledge. Google type demographics. Youll list resources itll linking men ages women appeals It changes safe bets. businesstobusiness community, businesses, LinkedIn staple. serving 35 40 older, probably bet. 35, 30, 25 perhaps, Instagram. TikTok, kid block, skew younger, platforms, general, aging relatively quickly. 20s, 30s, 40s, 50s, continuing age up. Twitter skews younger urban. Pinterest primarily women. tend neutral territory things. There kicker video content, course. More minute. others popular Reddit forums, WhatsApp groups, Snapchat, younger. Lots options, too options. confused. See choose maybe active ignoring else. content make? us type. suggest establish with. ultimately minute cliffhangers open loops video. watching. though, unpack couple significantly superior others. got. Youve textbased audio content. Arguably, visual graphical infographics diagrams paired kinds lengths short My suggestion needs feed text obviously blog. Long podcast. YouTube. Short tweets, captions Instagram, posts, text. Audio trickier. mostly podcasts, shorter ones, clips adding elements rage now. form, vertical Instagram Reels, Shorts, TikTok. writing, speaking, audio. front camera, finding willing one. again, well arrow one, mandatory exceptions. email. Yeah, Hoping sexier myself. fact email works now, uses doctor, accountant, lawyer, everybody. address. Not account. accepts SMS appreciates Direct mail phenomenally effective, hard curated lists, costeffective prices. advanced complicated wouldnt Bit here, consulting teaching, overall strategy. install upgrade substantial significant increases profitability, retention, made. just, magic bullet So, started? magnet, bribe freebie upgrade. Essentially, exchange address touch. same tem Î∏î onto relations, theÊΩ§IS join list. check descriptions below visiting adamaerhart.com slash Cheetchy. version opting guide list, alternatively supportive, loyal interested newsletter bypassing freebie, attract subscriber, From decide frequency, emailing once week times week. Some daily. past. found sweet spot four Once bare minimum. weeks unacceptable. month, run math rate 30 months before anybody sees finally email, theyve forgotten likely unsubscribe worse, spam delete Also depending statistic study read, via reported 3,800 4,400 ROI return investment. numbers story short, Okay. Moving pieces place, putting together. funnel, journey, funnel. Aptly named looks funnel coming sorted bottom fewer bottom. reminder wont. heard Frank Kern wont click. Most subscribe. factor plan accordingly. fine. wont, enough will, right. mapping walking become lifelong customer, ambassador, loves tell great great. opposite having plate. pour splashes everywhere. Sadly, plates. traffic dump somewhere, homepage. Meaning shows websites doing. go. click contact button, weird yet met pushy. Lets slow skirt bounce, marketer term leave back. Again, use. vast majority visitors website button range 98 99. going? ask. let competitors Something says, Hey, Let nurture value. questions offering step process becoming customer. advice period end. Start reverse engineer process. sale, Maybe visit page. page? like, link. link? Are email? mapped exciting. Yeah. Kind nerdy Because gaps leaks losing mistake messaging. quite everybodys clicking page, nobodys buying. conversion issue joining opening emails. congruence promised delivered, perhaps collecting map realize closing five should two. again? pricing expectations? objections issues overcome prior? Whats cool small tweak conversions 2 1. after another, compound. millions dollars Speaking revenue, CLV, stands lifetime referred LTV value LCV value, Which lifetime? Period. profit. profit, depends formula at. powerful exercise valuable bet regardless industry in, higher means permission invest CLV. encourage retention. keep, them, Either often, price. By providing upsets. upsells downsells crosssells. opportunities solving big problem, rewarded direct proportion solve. money notice final ring concentric, expanding circles. left. almost didnt own circle future, overlap encompass support appealing consume checks box articulate online. embed forth. Probably surprise piece puzzle question supercharge strategy? clearly, video, appreciate started, comfortable burner smaller somewhat effective leading inevitable conclusion. Number stories. Grab phone. Look Hit record. Go live 15 seconds tip insight Very low barrier. editing required. Raw authentic beat overly produced polished day further, Once, twice, three, Facebook. subscriber counts rules going. Stories dip toes started. Next, further capitalize available organic reach Reels TikTok Shorts. varies. Different preferences videos, seconds, 60 range. seconds? passion interest doing, hearing dominate space, leader industry, winner afraid test Upload videos first. beauty started watch chance practice experiment judgment internet. Looking awkward. sweaty. super nervous. blurry. microphone, came side. rough. progress, better. seven strategies tricks hacks linked hop Ill Understanding allow immediately Get results, clicks, traffic, do."
Best Share Market Strategy by Ghanshyam Tech | Window Strategy in Bank Nifty?,"üëâ Open Free Demat Account on Upstox: https://bit.ly/DematAcUpstox

- NO AMC Charges for Lifetime

Offers valid for Limited Time. Start earning with refer and earn. 

*****************************************************************

#FibonacciRetracement #Fibonacci #GhanshyamTech 

About Pushkar Raj Thakur :

Pushkar Raj Thakur is India's Leading Motivational Speaker & Business Coach. With over 5 Million Subscribers on YouTube & Millions of Followers on all other Social Media Platforms, he is known for his versatile knowledge of Financial Education, Personal Mastery, Sales, Marketing, Human Psychology & Business Development.

Follow us on:

Telegram: https://bit.ly/PushkarRajThakurOfficial

Facebook: http://bit.ly/2TkyIYo

Instagram: http://bit.ly/2FH6b7z

Youtube:  http://bit.ly/2FLcZkp

Twitter: http://bit.ly/2tcDOvd

LinkedIn:http://bit.ly/2RfJWel

http://www.pushkarrajthakur.com/

To Join our Courses, Call @ 9999470710",welcome to the final video of this option buying series in you must have learned a lot if do then I think much free training course that now can make your continuous profits not seen playlist yet it is available for will get link on i button and end screen see complete share learn special window strategy what according which big move as soon market opens money are rules setup sir going tell directly lets start with first all should apply when followed strategies profit because movement fast opposite side does go our direction goes other stoploss also same speed here always keep mind follow rest things we say an advanced means be little expert decisions very drive Ferrari such come cant stay thinking till away by hitting 100 points one year time frame taken 1 minute pay attention 30 point above round figure happened 200 300 below want pass middle range candle put high only 3 4 times whole month but good condition candles looking at between 330 or 230 130 similarly holding placed after broken second break out third beyond found thing trade dont bank niftys suppose 143 23 23s 24 25 take entry possible 14000 breaks 29 31 yes ok exact my made finished forgot 99 inside am told moves directional SL yours maximum 80 90 save from there low more than less lit 5 10 safe success rate 60 70 75 9 these beginning talking about index manage its stop loss mine future many people banknifty buy best no problem happen anything becomes 101 2 lowest sell 69 lower were too sorry look 70s 80s 970 980 990 985 happens minutes given buyer needs understood either taking 8090 target momentum any sign reversal again convert let run far call scalping way called initial anytime opening they absolutely 34 discussion was saying covid coming during moment used moments had traded volatile work stuck some quantity suggest sir? whatever fear oclock me day exit add new how did never calculated still idea lakhs example lakh started making flow 300400 expecting Mercedes comes increase earn earning before monthly expiry later 2019 thought suits those went fun 20 up down biggest capital nifty ever shown even salary die he gave covered three nothing capacity behind hold backup important quickly cut position mean expect leave enough red 8 who sit player afraid lost maybe sitting business someone says especially brother become thief regret definitely 400 500 hand came part once thats happy necessary satisfied earned options slowly great hope guys clear catch check done enter immediately until trail enjoyed feel actual us commenting feedback valuable kind please tried give value know educational try thank doing thankful comments questions reply them meet continuously education fact experience live tuned connected subscribe click bell icon information channel sirs description next
The Best Marketing Ever | Art Of Selling | NEURO MARKETING | SHOT BY SHOT?,"When it comes to marketing, there is no one-size-fits-all. There are too many variables to ever say ‚Äúdo x and you‚Äôll get y result.‚Äù To get the best results, you need to always be experimenting. Let's have a look at one such experimental incidents which turned into an epic in the field of marketing.","The products are made in the factory, but brands created mind. Even though we consider ourselves logical and modern human beings, majority of our decisions by ancient instinctive subconscious part brains, sometimes referred to as reptilian brain. Lets have an insight into one such example field marketing. In 1970s, Japans economy was booming, Nestle looking for way transform that dollars. Obviously, option they chose coffee. But not fast. It no secret Japanese consumers loved tea greatly. tested market cautiously before jumping in. They ran several focus groups, asking from every age group what thought Surprisingly, everyone it. All came back incredibly positive. liked taste executives got excited shifted high gear, preparing a rollout plan coffee on shelf Japan. Huge sums were spent marketing distribution, hit with huge amount demand. And then wasnt expected. selling Is there anything more depressing than empty shop? sense. Every study showed would be next big thing, stuck tea. simply buy Faced this challenging situation, decided bring superstar marketing, Claudia. companys CEO, Claudia, famous brand. She known her unique both their Who they? somehow be√©c laughing hust talk. Claudia Rappell. Rappell your typical marketer. For starters, he child psychiatrist who had years working autistic children. because experience, convinced thing people cant tell you want. He believed real desires drove humans unconscious ones only very few aware enough understand them. called instinct. An Clotters work Jeeps latest models which hadnt been company couldnt why. Clotter oddest suggestions. Go using round headlights. realized American consumers, Jeep meant freedom. symbol Wild West, running free equivalent horse. Americans, When changed headlight shape square, lost connection headlights longer looked horses eyes. it sales went up unbelievably. Now arrived, quick coffee, early childhood association. kids grew watching parents drink lived smell air ate teaflavored snacks. Was any surprise that, adults, over coffee? So, did recommend? Yes. candies. Suddenly, hordes began discover through dozens different candy types. From there, eventually moved cold sugary coffeeflavored drinks. Lattes. then. Before knew it, steamy mugs Nescafe Not bad wouldnt 40 ago. key is, matter story tell, make buyer hero. Maintenance French coffeef sounds if case. However, youre willing look at old video accounts follow splendid example.ape"
The Best Marketing Strategy For A New Business Or Product?,"Let's explore a simple four-step process that you can use to craft the best marketing strategy for your new business or product.  It's called The Bullseye Framework and it comes from ""Traction"" by Gabriel Weinberg and Justin Mares.

NEW 2022 EDITION OF THIS VIDEO HERE
üëâ https://youtu.be/-CXZrdxhYXY

HERE ARE 33 MARKETING STRATEGIES TO GET MORE CUSTOMERS
‚û°Ô∏è https://youtu.be/8T79jv5oPTs

WANT TO PICK UP A COPY OF TRACTION?
Book Summary ‚ûú https://youtu.be/51jNnthREjo
Buy It On Amazon or Audible ‚ûú https://www.amazon.com/dp/0241242533/
Buy It On Apple Books ‚ûú https://books.apple.com/book/id977450633

This approach makes it easy to brainstorm marketing ideas, select promising options, perform inexpensive tests, and ultimately select the best marketing channel for your specific business or product.

Watch that video to explore marketing options and then go through the simple four-step process in this video to start marketing your new business, product, or service.

Content by Rick Kettner
Produced by Kyle Trienke","Hey, its Rick Kettner here. And in this video, were going to explore the best marketing strategy for promoting a new business or product. Essentially, be looking at simple method that you can use choose and execute on opportunities your specific business. Now, is follow up previous video I published 33 ways get more customers. You find link description box below. of course, if youre interested learning about how build grow business, then recommend subscribe channel turn notifications dont miss out future videos. But lets into it. The number one reason why businesses fail they attract enough reality lot make it through other stages, coming with brand name, logo, even building basic product service. unfortunately, many them when comes attracting prospects converting those entire focus video. Were four step framework called Bullseye Framework. This from Traction by Gabriel Weinberg Justin Mares, great book startups are customers their simple, say, process very first brainstorm ideas. what want do here go all different could possibly come realistic scenarios might opportunities. mentioned earlier recently covering Thats channels covered idea here, though not pursuing once, wed spreading ourselves way too thin. each every them, as an exploratory process. So, example, down list see content, marketing, scenario promote using content marketing. What kind articles recreate? videos? Would create podcast? exactly pursue opportunity absolutely had to. same search advertising, social hosting live events. consider, know, would host local meetup, small meetup group enthusiastic customers? Or try put big fancy event invite speakers? speakers. Whatever be, simply possibilities, reasonably various there. important because oftentimes stuck rut where only rivals pursuing. another potential competitor tempted okay, advertising market limits options. strategy, playing competitors strengths already gonna competitive, definition, most popular may necessarily Sometimes still, sometimes arent. thats point order flesh possible. Step two select promising channels. we start narrow field. Instead channels, wanna three five say promising, startup, priority should speed. likely results quickly. also them. offer customers, talking both volume speed which consideration ability profitably. deliver quickly, costeffective thing thinking field based initial brainstorming. Then time move three. something think skip over naturally perform inexpensive tests. critical seems it, attractive exciting. fact equal. surprised isnt effective. compare channel, never able differentiation realize, hey, half decent opportunity, but much, much better focusing our attention on. performing inexpensive, tests validate mistake testing is, sure theyre doing themselves. They overly optimize place ads Google AdWords, there have 40 margin my cant afford spend than per conversion Im spending that, promising. thought leads aim targets set ad unlikely provide results. bad goal things. One, worth two, vague sense took efforts improve copy landing page funnel, relates time, almost certainly will profitable. trying figure out. Youre early, ruling before give chance breathe. energy things further. afterwards, later future, worry optimization. In some cases, takes months, years, perfect approach channel. perfectly okay. affect longterm behind four, look these weve performed single momentum incredibly startup yourself theres bit winner take all, dynamic happens example this. person outperform keyword family phrases, tend far whoever second area, utilizing pays become absolute master least growing Pretty common wisdom within community really, successful entrepreneur founder, cofounders familiar proficient using. gives strength. capitalizing until hit diminish. money doesnt 50,000 given period does increase point, revisit process, third tag expand Its straightforward. simple. It seem powerful to, test ultimately Anyway, If any questions thoughts suggestions convert please share comment section notifications. said, thank watching Ill next"
