video_id,url,title,description,channel_name,upload_date,views,likes,comments,transcript
508CR1fd8ws,https://www.youtube.com/watch?v=508CR1fd8ws,Digital Transformation | What is Digital Transformation | Digital Transformation 2021 | Simplilearn?,"üî•Discover SKillUP free online certification programs ‚Äì https://www.simplilearn.com/skillup-free-online-courses?utm_campaign=18FebSKillupYT&utm_medium=DescriptionFF&utm_source=youtube



üî•Purdue - Post Graduate Program in Digital Marketing  - https://www.simplilearn.com/advanced-digital-marketing-certification-training-course?utm_campaign=508CR1fd8ws&utm_medium=DescriptionFirstFold&utm_source=Youtube 
üî•Digital Marketing Specialist  - https://www.simplilearn.com/master-in-digital-marketing?utm_campaign=508CR1fd8ws&utm_medium=DescriptionFirstFold&utm_source=Youtube 
üî•Professional Certification in Digital Marketing (India Only)  - https://www.simplilearn.com/professional-digital-marketing-program?utm_campaign=508CR1fd8ws&utm_medium=DescriptionFirstFold&utm_source=Youtube

The digital age continues to disrupt every aspect of the business. Simplilearn Digital Transformation Academy will help you identify key opportunities and skills deficits. Featuring core digital disciplines such as cloud computing and digital marketing, our broader curriculum allows each of your departments to upskill and overcome competency gaps, aligning your digital strategy to your enhanced capabilities. Master the 3 Key Elements of Digital Transformation. Digital transformation isn‚Äôt just about technology. It‚Äôs also about aligning your teams and processes to foster innovation. Simplilearn‚Äôs Digital Transformation Academy makes it easy to educate and coordinate all organizational levels.

#DigitalTransformation #WhatIsDigitalTransformation #PostGraduateProgramInDigitalTransformation #Simplilearn 

‚û°Ô∏è About Post Graduate Program In Digital Marketing:
Get a hands-on Live Interactive Learning experience with this Digital Marketing Course. Learn via fundamental and advanced material, preparing you for your Digital Marketing Career. Get a Meta Certified Digital Marketing Associate exam voucher worth USD $99 to showcase your skills.

‚úÖ Key Features
- Simplilearn's JobAssist helps you get noticed by top hiring companies
- Joint Purdue-Simplilearn Digital Marketer Certificate
- Become eligible to be part of the Purdue University Alumni Association
- Masterclasses delivered by Purdue faculty
- Harvard Business Publishing Cases
- Build your website & learn real-world hands-on digital marketing techniques
- Master sessions by Meta Blueprint trainer
- 6-credit transfer for the Purdue Online MS in Communication program
- Meta Certified Digital Marketing Associate exam voucher worth USD $99
- 5 Capstone problem statements and 15+ course-end projects
- 10+ case studies from brands like Adidas, KFC, Nike, Intel, etc.
- 35+ digital marketing tools
- Boost productivity with ChatGPT and AI tools (Blue Willow, Stable Fusion & Well Said Labs)
- Course aligned with Hootsuite and SE Ranking certification
- Learn using Meta Business Coach Chatbot
- Live classes delivered by Industry Experts along with self-paced content

‚úÖ Skills Covered
- Website Creation
- Behavioral Marketing
- Keyword Research
- Search Engine Optimization
- Search Engine Marketing
- Campaign Management
- Social Media Marketing
- Mobile Marketing
- Content Marketing
- Content Strategy
- Strategies for Paid Campaigns
- Analytics ROI and Evaluation
- AI Automation and Emerging Technology

Learn more at: https://www.simplilearn.com/pgp-business-analysis-certification-training-course?utm_campaign=DigitalTransformation-508CR1fd8ws&utm_medium=Description&utm_source=youtube

üî•üî• Interested in Attending Live Classes? Call Us: IN - 18002127688 / US - +18445327688",Simplilearn,2018-01-18T10:47:45Z,363415,3162,28,"Ready or not, digital transformation is reinventing business as we know it. Every enterprise, including yours, now faces a choice between innovation extinction. Digital not specifically about IT technology. Its redefining your entire strategy, perhaps even changing corporate culture. To succeed in digital, company should think of technology support function, but strategic competency. applying to business. creating entirely new models on the backbone Amazon.com was shop with website. It forever disrupted and revolutionized concept shopping more. imperative for every adapt take advantage ways world has radically changed consumer behavior expectations. Your might have been able survive pandemic, government still be do But youre alone. Youre also part this. customers, channels, competitors already gone digital. As 2017, mobile devices dominate total minutes spent online. Searching, reading email, browsing, buying. Thats globally. From 71 US 91 Indonesia. And 67 millennials, 56 Gen Xers, 41 baby boomers, 28 seniors prefer online rather than instore. thats retail consumers. 55 B2B buyers say they search product vendor information social media. according 2017 CloudCrate study, expect access sellers ecommerce platform. Even own products, employees, operations are dependent The continues accelerate two main reasons. First, evolving at an exponential rate. Second, data far more plentiful usable. Mastering emerging always made difference companies being competitive barely keeping up. What makes todays different extreme importance data. Not big batches data, realtime Data competitors. supply chain. markets. Having this key successful transformation. its use knowing how it pulls critical decisions out shadow opinion guesswork brings intelligent options into light instantly can things right. potential level playing field. provides lowcost tools enables strategies that give small mediumsized businesses fighting chance compete same mainstream businesses. major enterprises. Successful industry often did by processes vastly improve customer experience. what these possible. depends effective collection, cybersecurity, analytics, application. Get Protect Analyze Then, utilize Use These essentials essential skills will either outsource, hire, train upskill from inside. Do you strategy? According Forrester report, 74 executives their only 15 believe capabilities execute strategy. They create strategy best way get job done. SimplyLearn here help path. Specializing team training economy, offers hundreds certification courses technologies practices you. You learn simplylearn.com. Thank Bye. In times, exercise, drink, regulse, excel various fields until Egypt lost king all thektu lines big, powerful trends. One our targets the„ÉÄ„É≥ shape dam"
6HzdOkPPPRU,https://www.youtube.com/watch?v=6HzdOkPPPRU,Gartner Top 10 Strategic Technology Trends for 2020?,"For more insight, download the Top Strategic Technology Trends for 2021 eBook: https://www.gartner.com/en/publications/top-tech-trends-2021

Blockchain, AI security, distributed cloud, hyper-automation, multi-experience, human augmentation democratization, traceability and transparency, the empowered edge, and autonomous things drive disruption and create opportunities in this year's strategic technology trends.",Gartner,2019-10-21T15:52:55Z,152245,1389,26,"The top 10 strategic technology trends are that shifting, changing, reaching key tipping points, and driving disruption. These the you cant afford to ignore. Were taking a look at around two themes this year. Peoplecentric smart spaces. Hyper automation is first peoplecentric trend. looks things. Number one, an expansion of where everything can be automated will automated. Second, hyper going from RPA taskoriented adding much more sophisticated AIbased process building digital twins organization for ops. For example, rental car companies exploring how expert systems assistants used rent your or perform some other customer service activity. So, what things do make sure customers able get store? second trend multiexperience. Multiexperience focuses on people interact with, perceive, control world related applications. You dont hold computer in hand. In multiexperience world, computer. Dominos Pizza has invested platform. It goes beyond mobile application order pizzas includes applications go out speaker, pizza tracker, application, autonomous vehicles delivery, drones many components focus their customers. Our third democratization. Democratization about users getting easy access through radically simplified interfaces systems. Think it as amateur novice highly developed skills they were not directly trained for. One example democratization would use roboadvisors. automatically balance portfolios provide additional advice invest. fourth human augmentation. Human augmentation enhance cognitive physical aspects experience. exists intersection trends. drive better interfaces, automate activities, systems, all feed into new augmented fifth transparency traceability. Digital ethics, data privacy, explainable AI, ethical AI. critical issues there try address trust crisis we have today. need data, youre training AI models, theyre used, traceability audibility happens with those sixth focused spaces empowered edge. edge refers technologies embedded Internet Things us. these devices exploding forming foundation creating us well. conversational today rely remote cloudbased services. Look capabilities skinnyed down processed edge, central cloud. seventh distributed cloud next era services simply exist centralized server, but center. Distributed great Cloud while also lot allows deal potential regulatory issues, demands IoT lower latency, challenges current model. eighth Autonomous artificial intelligence machine learning enabling greater actions Looking future, collaborative being pioneered swarm by military thats using swarms coordinate battlefields even attack scenarios. ninth practical blockchain. Blockchain shared ledger cryptographically signed irrevocable records traced. But limitations full blockchain model leading solutions inspired notions focusing primarily lightly Supply chain increasing case Maersk TradeLens, environment, manage shipping manifests paperwork products move ports channels. tenth security. security three aspects. one securing models themselves support them. tools defend organization. And number addressing types attacks bad guys efforts. phishing gather information dynamically generate scarily email came brother sister trusted entity. build deliver business value."
s3rlYWcwdDY,https://www.youtube.com/watch?v=s3rlYWcwdDY,Gartner Top Strategic Technology Trends for 2021?,"For more insight, download the Top Strategic Technology Trends for 2021 eBook: https://www.gartner.com/en/publications/top-tech-trends-2021

Gartner Top Strategic Technology Trends for 2021 fall under three themes: People centricity, location independence and resilient delivery.  ‚ÄúThe unprecedented socioeconomic challenges of 2020 demand the organizational plasticity to transform and compose the future,‚Äù said Brian Burke, Research Vice President, during virtual 2020 Gartner Symposium IT/Xpo¬Æ.",Gartner,2020-10-19T18:59:28Z,129443,1211,25,"The Gartner Top Strategic Technology trends are that organizations cant afford to ignore. These will have a significant impact over the next five years and most not adequately factoring these into their strategic planning today. Nevertheless, each has transformative potential. first trend is Internet of Behavior or IOB. IOB consists multiple approaches capture, analyze, understand, monetize all kinds physical digital representations behavior. And analyzing this collected data can be used then incent For example, monitor health protocol compliance at an industrial site capture behavioral events. Sensors RFID tags on person in environment determine if employees washing hands regularly. Computer vision complying with mass protocols. speakers warn people violations. second total experience, which links multiexperience, customer employee user creating more unified approach. This solves complex business challenges by transforming human experience. response COVID19, COVID19 pandemic been major turning point for U.S. economy. In 2018, one company created online appointment system integrated it companys app. When customers within 75 feet store, they receive notification guide them through checkin process. Employees able use tablets cobrowse without physically touching device. third privacyenhancing computation. Privacyenhancing computation three types technologies protect data, improve privacy, enable secure processing analytics. provides trusted environments process analyze sensitive data. performs analytics decentralized manner includes federated machine learning. transforms algorithms before performed. With approaches, private exposed. A reallife application might multiparty processing. provide distributed cloud, distribution public cloud services different locations, while operation, governance, evolution remains responsibility provider. allows computing resources closer location where resides activities happen. fourth fifth anywhere operations. Anywhere operations operating model designed reach anywhere, deliver best customers. sixth cybersecurity mesh. Cybersecurity technology anywhere. It requires digitalfirst, locationindependent mindset, delivery infrastructure applications. Several banks addressing mobileonly remote presence. companies presence, mean contactless checkout store sensors office factory setting enforce social distancing. architecture security Which architectural approach scalable, flexible, reliable control. Many assets now exist outside traditional perimeter. mesh essentially identity thing define enables modular responsive centralizing policy orchestration enforcement architecture. variety ways. seventh intelligent composable business. Organizations driven everincreasing pace change must adopt mindset emphasizes composability based upon modularity, autonomy, orchestration, discovery. better access information, ability augment information new insights, framework built accommodate change. retail bank identify behavior quickly create services. include reassembly existing package custom eighth AI engineering. projects face issues maintainability, scalability, governance engineering give pathway, solution deal making part mainstream DevOps rather than set specialized isolated projects. brings together various disciplines tame hype providing clear path value when operationalizing combination techniques. ninth hyper automation, rapidly identify, vet, automate many approved IT processes as possible. Business often extensive expensive supported patchwork automation oftentimes optimized, lean, connected, consistent, even explicit. hinders operational excellence. idea possible using coordinated fashion. top range 2021. They combine help transform prepare intelligent, future."
yEfBOnMO4nU,https://www.youtube.com/watch?v=yEfBOnMO4nU,How to Market Your Business in 2021 | BEST Marketing Strategies?,"Thank you to Google for sponsoring a portion of this video. Check out Applied Digital Skills by Google here: https://bit.ly/31uIw53 

It's time to get your marketing on! Standing out online can seem hard, but if you follow these marketing strategies, you'll be well on your way, boo! 
-- 

// LET'S CONNECT ON INSTAGRAM:
I post updates in real time of my life and business! 
https://www.instagram.com/erinondemand/‚Äã‚Äã 
https://www.instagram.com/top3today‚Äã‚Äã

// NEED HELP BRANDING YOUR BUSINESS? 
Join My eBrand Club: 
The eBrand Club is a membership club for entrepreneurs, side-hustlers, or content creators looking for in-depth information on digital marketing strategies, how to grow your social media/ YouTube channel, and how to effectively operate the back-end of your business to build a successful company. If you love my channel, you will BEYOND love this community. 
For more info: https://erinondemand.com/ebrand-club‚Äã‚Äã

// M U S I C
I have a subscription with Musicbed. They have the BEST music. 
Try a free month with this link: https://www.musicbed.com/invite/e2ZGf‚Äã‚Äã 

// S U B S C R I B E.   
https://www.youtube.com/erinondemand?‚Äã‚Äã...
New Videos Every Wednesday (& most Mondays)! 

// F O L L O W   
Website | www.erinondemand.com 
Instagram | https://www.instagram.com/erinondemand/‚Äã‚Äã
Facebook |  Erin On Demand 
Twitter | @ErinOnDemand 

// G E A R 
Camera - Canon 80D: https://amzn.to/2LFHKMS‚Äã‚Äã  
Lens - Sigma 18-35 f1.8: https://amzn.to/2Yh4tQX‚Äã‚Äã  
Mic - Shure VP83 Lenshopper Shotgun Microphone: https://amzn.to/2JQzxTy‚Äã‚Äã  
RODE Wireless Lavalier Microphones: https://bhpho.to/2YaJBec‚Äã‚Äã   
RODE Smartphone Microphone: https://amzn.to/32OUQN1‚Äã‚Äã  
Blue Yeti Microphone: https://amzn.to/2SCfPOo‚Äã‚Äã  
Neewer Ring Light Kit: https://amzn.to/30RJVQM‚Äã‚Äã  
Tripod - Manfrotto: https://amzn.to/310zZol‚Äã‚Äã  
Vlog Camera - G7Xii : https://amzn.to/32Hw55c‚Äã‚Äã  
Vlog Tripod - Joby Gorillapod: https://amzn.to/30X4Odr‚Äã‚Äã  *wrong price is mentioned in the video* 
Editing Software - Final Cut Pro X: https://www.apple.com/final-cut-pro/‚Äã‚Äã 

*Disclaimer: Some links are affiliate. By clicking and or purchasing, I may receive monetary reward. It does not alter the price or change your buyer experience.  

//YOU‚ÄôLL LOVE THESE VIDEOS TOO

How I TRIPLED My Instagram Growth ORGANICALLY 2021 - https://youtu.be/0MoH9dt0eVQ
How to Reach Out to Influencers to Promote Your Business (And Get a RESPONSE) - https://youtu.be/4ZMzaGZ4CxI
6 Steps to Build a STRONG Personal Brand (On AND OFF Social Media) - https://youtu.be/HCUzHYqmtf8 

//P.O. Box
29488 Woodward Avenue #256
Royal Oak, Michigan
48073

‚Äî 

// E R I N

I'm Erin and I'm a full-time entrepreneur. I have a digital marketing & video production company called Erin On Demand. I teach entrepreneurs how to stand out online through content marketing, digital strategy, and video production. I‚Äôve worked with companies from National Geographic, to local mom & pop shops, helping them create compelling content that attracts their target audience. This channel, takes you through my journey of building my business from the ground up, while sharing information on how I market, strategize, and operate in my business‚Ä¶ to hopefully help you build yours!",Erin On Demand,2021-04-21T17:36:40Z,109624,4691,275,whats up beautiful people welcome back to my channel Im Erin and this is on Demand a place for entrepreneurs content creators looking build your brand business impact yall I am excited be sharing with you guys how effectively market year we all know important that but first want share an incredible tool have been loving portion of video was sponsored by Google about supply digital skills applied Googles free based literacy curriculum ages who learn grow their work school life even entrepreneurship they many lessons each lesson has series easy follow videos break down these into super practical steps it teaches use workspace tools Workspace make more effective successful lot choose from over hundred forty project in them can filter audience the if Docs ability through then also topic enjoy ones are lifestyle one track tasks due dates Gmail Drive organize files managing time sheets helps change daytoday experience working always get couple little things there didnt products had when youre learning straight some indepth do help out. start online wanted show favorite collections which or small collection here research writing plan starting let me stress great resource see amount will probably take you. This is. Did it?rada greetings! Yes did. Thank watching! building six nine hours means goes pretty good depth inside its set scroll different units click drop arrow compile unit go far material should cost doesnt highly encourage advantage sign account simple resources check out links below gotta create teaching today thanks sponsoring part now lets preface saying marketing looks days bit harder because getting smart social media brings whole new landscape what kind debunk need professional pictures large size able dont gonna tips stand better thing understand onetoone relationship concept miss especially big businesses where as huge directly communicate mean person creating own other side consuming honestly creates direct line communication treat theyre talking ton yes may than at same keep mind speak try not generalizations speaking ice cream love why candidly very conversationally mom best friend hey everyone happy chatting recommendation think would gosh tried ever tastes bomb taking those generalization terms generally focus feels compelled action thats step number thinking trying massive group considering individually thousand hope makes two personable relatable questions answered win anytime approach tell stories please relate using purpose serves yourself anything personal connection points rule thumb narrow deep area few areas willing gives illusion example i full game im open book comes shared living parents started corner desk evolved struggles ive gone story attached making sure type touch anecdote something drives information does bottom every single piece put instagram youtube posts captions individual shape whatever season episode still aligns greater entire another adding overall flow feel authentic three multiple platforms everywhere youve watching while solid forms long form short everything continue yay though buy typically valuepacked longform similarly podcast could igtv blog second engaging fastpaced interactive snapchat feed recommend seo driven platform post pinterest friendly others incorporate SEO Pinterest LinkedIn Clubhouse obviously discretion bandwidth potential spaces Instagram isnt clicking maybe pour perhaps followers YouTube funnel together instead equally top secondary four customer retention purchased purchase again service membership club further oneonone services figuring synergy client climbing sales ladder product customers buying companies doing promise store emails after stop spring favorites repeat efforts awareness focusing aware active engaged much easier sell someone already sold never before skip five cultivate community following takes effort interact ask going conversations amongst private Facebook environment nurture point warmer leads Patreon separate page close friends request differently comment her picture contribute And helpful comments Accepting brightË©± vibes fact only channels although sense present communities places live often did challenge results were insane engagement frequently cant quite write strategy yet prefer randomly fine used planned discussing treating lives almost TV week special guest pouring say seven random car shop sidebar legitimacy brick mortar having profile eight trust energy goal sale end day bad reviews diminishes builds once transaction ultimate builder stay retains testimonials positive feedback improving responding negative hate seeing review response snarky company theres no involved way showing consistently quality link bio however call ultimately gets keeps both sides influencer emphasize find influencers purposes everybody aint commenting stuff look interested reaching watch talk reach proper order noticed essentially 10 spin off micro mighty audiences 000 turn around yeah anyone storytelling nothing else beginning middle interwoven presence any wrong answer give insight subscribe join fam Ill next peace
s9p7wto8SZg,https://www.youtube.com/watch?v=s9p7wto8SZg,Top 5 LinkedIn Marketing Strategy For 2021 | LinkedIn Lead Generation Tutorial?,"Connect & DM me ""FOUNDER"" to learn about how to Build Your Personal Brand: https://www.linkedin.com/in/patrickdangofficial/

Join the Founder X Free Skool Community: https://www.skool.com/founder

Free Training: Build a Highly Profitable Personal Brand from Scratch: https://www.founderx.net/go?target_platform=youtube

If I had to start over today, this is the only business I‚Äôd build in 2025: https://youtu.be/nVIOpfq0grg?si=JId4gGDsWIxc9EnQ

Personal Brand Masterclass (2025): https://youtu.be/RCN8DChdaVk?si=GyxlJcKn7fUDICja

How to Build a  Personal Brand on LinkedIn (2025): https://youtu.be/aM_C4OOcItE?si=lKwyu_l3bR2PRbQ3",Patrick Dang,2021-07-07T14:00:17Z,55356,1604,40,"Whats going on, everybody? in this video, youre gonna get my top five LinkedIn marketing strategies you can use to generate more meetings with your dream clients and close deals. And wanna make sure watch video until the end because if youve ever struggled using leads, well, were all questions answered video. Now, names Patrick Dang, before we go ahead started, give a like, subscribe, turn on notifications see sales training videos this. lets dive in. getting into meat of things, first step have cover is defining goal. big platform where do lot different but not clear what goals are, its very difficult any results. I know when used work at Oracle peers other reps, sometimes they would spend hours doing anything, tell their manager, oh, Im social selling. Oh, LinkedIn. leads. But reality, theyre blaming them for that. Its that dont our achieve them, If want, then how are it? define most people who watching probably book meeting customer phone deal, Simple as every activity has be focused booking that, meeting. whenever type activity, ask yourself, helping me goal meeting? put up bunch content likes comment, it doesnt mean meetings. It could putting out liking it, converting, help goal, thats why take, pushing towards meetings, which Ill assumption here want next create an ideal profile. those may profile is, abbreviated ICP, essentially is. already working established company, chances ready kind information based past sold. fairly newer still be, figuring exactly should reaching to, best customer. okay, whether one side or other, know, main point some sense of, target. Because trying sell everybody under sun, anyone solving specific pain The get, obviously, higher conversion rate, rates will less energy examples might say, startup ecommerce websites 20 employees, raised over 5 million funding, find online. these California fit description, ignore move person. also something cryptocurrency blockchain, new services, on. websites, blogs, email newsletters 100,000 website visits per month, think little broad, look many news publications 100K visitors month blockchain space, than 50. there, 50, 50 reach whatever selling, need bit target specific, better, points solve, chance someone take you. company multiple customers buckets, example, selling SEO commodity, targeting, companies lending who, say startups let borrow money earn interest things funding people. Well, there go. Thats there. find, hey, maybe quite sell, changes instead companies, try always change Youre stuck industry. just, idea to. comes specifically, filters sort by industry, employee size, location, geographically, identify themselves company. theres prequalify them. human being if, not? once profile, available closer fits process much smooth. part generating leads build prospecting list. Now couple ways it. You Excel sheet, CRM hosts data, even use, navigator, pay for. Google sheet fine. building list, heres thing. list Usually me, first. long people, 100 depends from decision makers each add end, after prospects, including number, or, adding important thing least four enterprise into, Fortune 500 large whichever department service, hit director marketing, VP CMO, CEO, three industry starting above. never below director, usually meeting, wild card, CTO, software, related marketing. after, small, medium businesses, makers, founder understand employees leaders start conversation with. again, LinkedIn, search titles, keywords their, job description title, Theres filter person definitely easy outreach strategy. recognize steps part. reason properly understanding, customer, properly, messages send, effective number one, messaging Number two, companies. three, makers. obviously pieces wrong, matter nobodys respond, upfront done send messages. outbound strategy, limitations message, keep mind certain quantity plan. 20, 30 send. whole lot, way connect accept connection request, message freely without having anything. strategy does work, time, limited, In terms requests day, week. And, slowly smaller smaller. tight effective, cant spam everybody, depending this, year versus another year, numbers change. in, day? youll answer So, anyways, same, person, customized, copy paste everyone, John, saw worked space love able future. then, percentage request. Maybe 30, 70, same connect. message. two Ive seen messaging, pitching, asking saying, thought here. second do, route direct response route, sending longer block text, giving case problem problem, solve respond follow up, ups, This pretty effective. Some spammy, hitting me? off bat. true, offputting, others, way. way, help, link, book, work. Obviously rate super, super crazy high, especially really, particularly care possible For local mom dad, pop shops, retail stores, run through can, dont, gonna, too time enterprise, 500, story spamming once, ruins reputation, talk about behind back, negative come consultative approach either share article, invite group Facebook group, provide value did XYZ curious had challenges around ABC, whatever, problems, article later. Or a, conversation, messages, back forths, easier us sound interesting you? yes, youd calendar, got done. nurturing more, steps, days cause away, consultative. works better business development larger deals dealing relationship burn better. doing, high velocity speed, test, coach consultant, deal not, relative well. now salesperson outbound, meaning salespeople, creators, job. creators job, marketers content. sellers, powerful nurture connecting percentage, means guys connected. post connected with, necessarily necessary viral influencer effectively. specifically share, companys blog summarize key PDFs downloads. whats peoples engaged, require expert creator. its, difficult. piece experiences helped studies Anything interested few likes, perfect. From liked and, X, Y, Z. somebody, months later, they, leave comment was guy before. Then conversation. nurture. code outreach, familiar videos, content, guy. hes saying. responding may, increase you, rule familiarity someone, though complete strangers. combination focus, combine material, together, said, enjoyed notifications. game level accelerate career, check masterclass, Sales Legacy. ultimate masterclass teach prospecting, lead generation, skills, deals, paying looking learning Legacy, saleslegacy.com link sign hour free name one."
