title,url,content
Coinbase becomes Ethereum&#039;s largest node operator with 11% stake,https://cointelegraph.com/news/coinbase-largest-ethereum-node-operator-11-percent-staked-eth?utm_source=rss_feed&utm_medium=rss&utm_campaign=rss_partner_inbound," Coinbase is Ethereum‚Äôs largest node operator, holding 11.42% of staked ETH with validators achieving 99.75% uptime, outperforming network averages.  A Coinbase report revealed that the crypto exchange is the largest node operator on the Ethereum network, controlling 11.42% of the total staked Ether. In a performance report, Coinbase said it had 3.84 million Ether (ETH), worth about $6.8 billion, staked to its validators. The exchange said that, as of March 3, it has 11.42% of the total staked ETH.¬† Anthony Sassano, host of The Daily Gwei, said that Coinbase's stake makes the exchange the ‚Äúsingle largest node operator‚Äù in the network.¬† Sassano added that while the staking platform Lido is bigger as a collective, each node operator has a much smaller percentage share.¬† Source: Anthony Sassano Related: 83% of institutions plan to up crypto allocations in 2025: Coinbase Coinbase also shared that it exceeded its target for validator uptime, which indicates the percentage of time when validators are operational. It also had a similar figure for its participation rate, a metric that indicates how well validators perform their consensus duties. Coinbase also reported that its validators had an average uptime of 99.75%. Coinbase said they outperformed their target of 99% uptime without compromising security standards.¬† The exchange attributed the performance to an upgrade implemented in 2024, which allowed the exchange to keep validators running while performing beacon node maintenance.¬† Meanwhile, Coinbase validators‚Äô participation rate is also at 99.75%. This exceeds the network average of 99.52%. In addition, the Coinbase average for signing and submitting blocks produced by their MEV relays is 99.76%, higher than the network average of 99.38%.¬† While Coinbase operates a centralized exchange platform, the company said it distributes its validators across several regions to ‚Äúhelp maintain a truly distributed and decentralized Ethereum blockchain.‚Äù The exchange said its validators operate in Japan, Singapore, Ireland, Germany and Hong Kong.¬† Coinbase validator average performance versus Ethereum network averages. Source: Coinbase Coinbase‚Äôs recent report was followed by a surge in ETH prices as ETH accumulation addresses started stockpiling significantly.¬† 7-day ETH price chart. Source: CoinGecko On March 2, Ether hit a weekly high of $2,060.73, surging by 12.3% in seven days. On March 19, the asset‚Äôs daily trading volume reached $17.4 billion as its price surpassed $2,000.¬† The surge comes as ETH price sentiments turned bearish. On March 11, Yuga Labs‚Äô vice president of blockchain suggested that ETH could drop as low as $200 in a prolonged bear market.¬† Magazine: Memecoins are ded ‚Äî But Solana ‚Äò100x better‚Äô despite revenue plunge"
Why is Bitcoin price up today?,https://cointelegraph.com/news/why-is-bitcoin-price-up-today?utm_source=rss_feed&utm_medium=rss&utm_campaign=rss_partner_inbound," Bitcoin jumped as markets reacted to the Fed‚Äôs dovish signals and rising BTC accumulation by long-term holders.  Bitcoin (BTC) price has jumped by 4% in the last 24 hours to reach over $86,000 on March 20. At its intraday high, the cryptocurrency was trading for $87,470, signaling modest profit-taking among traders. BTC/USD four-hour price chart. Source: TradingView Top catalysts that have driven Bitcoin prices higher today include: Gains across risk assets after the Federal Reserve‚Äôs dovish signals. Rising BTC supply among long-term holders‚Äô addresses. Bitcoin rose as the Federal Reserve signaled it still expects to cut interest rates twice later this year, easing investor concerns over prolonged monetary tightening. Key takeaways from the Federal Open Market Committee‚Äôs meeting on March 19: The Fed kept its benchmark rate on hold while acknowledging that tariff-driven inflation pressures may be ‚Äútransitory.‚Äù Chair Jerome Powell‚Äôs measured tone on recession risk, stating it was ""not high,"" reassured risk-on investors. The Fed trimmed its growth forecast, fueling a bond rally and reinforcing expectations of lower borrowing costs in the future. US 2-year and 10-year Treasury note yields daily chart. Source: TradingView Lower interest rates make risk assets like Bitcoin more attractive, as they reduce the opportunity cost of holding non-yielding investments. US President Donald Trump‚Äôs renewed pressure on the Fed to cut rates added to speculation that monetary policy may loosen further, benefiting Bitcoin. Source: Donald J. Trump Bitcoin‚Äôs ongoing price rise coincides with signs of accumulation among its long-term holders: entities holding BTC for more than 155 days. Key points: Long-term holder (LTH) spending pressure is waning, as indicated by a slowdown in the Binary Spending Indicator and a rise in LTH supply. A greater willingness to hold rather than sell suggests a shift away from sell-side distribution. Bitcoin long-term holder spending Binary Indicator. Source: Glassnode A brief but sharp spike in LTH distribution (the red bars in the chart below) occurred when Bitcoin dropped to four-month lows, as some investors took profits. Bull markets typically see sell-side pressure from LTHs balanced by new demand, and this cycle has absorbed a similar volume of LTH profits as previous ones. Bitcoin long-term holder balance sent to exchanges. Source: Glassnode ‚ÄúThis perhaps alludes to a degree of saturation being reached among Long-term holders, where they have completed a majority of their sell-side activity within the current price range,‚Äù wrote Glassnode analysts in their latest weekly report. Bitcoin price rise today comes after testing the lower trendline of its prevailing ascending channel pattern. What to note: Bitcoin has been trending higher inside the ascending channel since March 9. The cryptocurrency has since tested the channel‚Äôs lower boundary thrice, the latest being on March 18. BTC/USD four-hour price chart. Source: TradingView The first two scenarios led to 7.50% and 6.60% bounce ‚Äî while the current one preceded 7.60% gains. As of March 20, BTC/USD was facing stiff resistance around the channel‚Äôs upper boundary, aligning with the 200-4H EMA (the blue wave) near $87,830. A decisive pullback may lead the pair initially toward the 50-4H EMA at around $83,900. A further correction could have it test the channel‚Äôs lower boundary as support, aligning with $82,400, which served as support between March 16 and March 17. This article does not contain investment advice or recommendations. Every investment and trading move involves risk, and readers should conduct their own research when making a decision."
Bitcoin price tags 2-week highs as markets bet big on Trump crypto news,https://cointelegraph.com/news/bitcoin-price-2-week-highs-markets-bet-big-trump-crypto-news?utm_source=rss_feed&utm_medium=rss&utm_campaign=rss_partner_inbound," Bitcoin sees some much-needed relief thanks to a combination of Fed policy confirmation and rumors of a ""significant update"" to US crypto plans.  Bitcoin (BTC) spiked to two-week highs on March 20 amid rumors that the US government was preparing a ‚Äúmajor update‚Äù to its crypto policy. BTC/USD 4-hour chart. Source: Cointelegraph/TradingView Data from Cointelegraph Markets Pro and TradingView showed BTC/USD reaching nearly $87,500 on Bitstamp. Currently consolidating near $86,000, Bitcoin benefitted from a fairly cool Federal Reserve meeting the day prior in which officials opted to hold interest rates at current levels. Policymakers confirmed that they envisage two cuts by the end of 2025, with Fed Chair Jerome Powell describing inflation as having ‚Äúeased significantly.‚Äù ‚ÄúWe do not need to be in a hurry to adjust our policy stance, and we are well positioned to wait for greater clarity,‚Äù he said in an opening statement before a press conference that followed the rates decision. A ‚Äúwait-and-see‚Äù approach was enough to relieve troubled risk assets, with Bitcoin joining US stocks in surging and finishing the day higher. The S&P 500 ended up by around 1% for the March 20 session, adding $500 billion in market cap. Reacting, Arthur Hayes, former CEO of crypto exchange BitMEX, suggested that the Fed had delivered a key signal for traders to add risk. ‚ÄúJAYPOW delivered, QT basically over Apr 1. The next thing we need to get bulled up for realz is either SLR exemption and or a restart of QE,‚Äù he wrote in a characteristic X post, referring to officials rotating from quantitative tightening to quantitative easing.¬† S&P 500 1-day chart. Source: Cointelegraph/TradingView Bitcoin traders nonetheless cared more about a potential change in US crypto posturing as whispers suggested that an announcement could come on March 21. Related: Bitcoin futures 'deleveraging' wipes $10B open interest in 2 weeks ‚ÄúThis would be his first major update since March 6th, when the national crypto reserve was established,‚Äù trading resource The Kobeissi Letter summarized in an X post on the topic.¬† When Trump signed an executive order to create a Strategic Bitcoin Reserve earlier this month, markets stayed surprisingly cool as it emerged that the plan would not necessarily involve the US buying BTC. However, with the latest daily close above¬†key resistance trend lines, cause for optimism was quickly returning. ‚ÄúBitcoin only needs to rally an additional +8% to position itself for a reclaim of the Range above and end this downside deviation,‚Äù popular trader and analyst Rekt Capital reported. BTC/USD 1-week chart. Source: Rekt Capital/X This article does not contain investment advice or recommendations. Every investment and trading move involves risk, and readers should conduct their own research when making a decision."
$77K likely the Bitcoin bottom as QT is ‚Äòeffectively dead‚Äô ‚Äî Analysts,https://cointelegraph.com/news/arthur-hayes-calls-bitcoin-price-77k-bottom-analysts-qt-dead?utm_source=rss_feed&utm_medium=rss&utm_campaign=rss_partner_inbound," The Fed‚Äôs quantitative tightening is ‚Äúbasically over,‚Äù which has crypto analysts feeling slightly more bullish about its implications for the crypto market.  Bitcoin is unlikely to revisit the $77,000 price level anytime soon after the Fed signaled a slowdown in quantitative tightening (QT), says BitMEX co-founder Arthur Hayes. On March 10, Bitcoin (BTC) dipped near the $77,000 level for the first time since November, according to CoinMarketCap data. ‚ÄúWas BTC $77k the bottom, prob,‚Äù Hayes said in a March 20 X post after declaring that QT is ‚Äúbasically over‚Äù following the Fed‚Äôs March 19 announcement that starting in April, it will slow its securities sell-off by reducing the monthly Treasury cap from $25 billion to $5 billion.¬† Bitcoin is up 3.53% over the past seven days. Source: CoinMarketCap This could ease liquidity pressures and support risk assets like Bitcoin, as QT involves central banks selling assets to reduce the money supply and possibly raise interest rates.¬† ‚ÄúThe next thing we need to get bulled up for realz is either SLR exemption and or a restart of QE,‚Äù Hayes added. The Supplementary Leverage Ratio (SLR) exemption was a temporary rule during the COVID-19 pandemic that allowed banks to exclude US Treasury securities from their SLR calculations. Meanwhile, quantitative easing (QE) is a monetary policy that aims to stimulate the economy and encourage more spending. Echoing a similar sentiment to Hayes, Real Vision chief crypto analyst Jamie Coutts said in a March 19 X post that ‚ÄúQT is effectively dead.‚Äù Coutts explained that ‚Äútreasury volatility‚Äù has calmed down following the US dollar's drop earlier this month, a positive signal for boosting liquidity. Other optimists included Axie Infinity co-founder Jeff ‚ÄúJiHo‚Äù Zirlin, who said the Fed slowdown is ‚Äúgreat for both crypto and equity markets.‚Äù ‚ÄúThe Fed has significant leeway to loosen up, providing more support for businesses + markets,‚Äù Zirlin said, while Bitcoin venture capitalist Mark Moss said that with QT ending, ‚Äúthe dam is going to break.‚Äù Related: Bitcoin risks new 'death cross‚Äô as BTC price tackles $84K resistance Meanwhile, crypto market sentiment has spiked following the Fed‚Äôs comments.¬† The Crypto Fear & Greed Index, which tracks overall sentiment, has moved into ‚ÄúNeutral‚Äù territory at 49 after lingering in the ‚ÄúFear‚Äù area since Feb. 26. Despite Bitcoin being down nearly 22% from its January $109,000 all-time highs, Infinex founder Kain Warwick told Cointelegraph that it is a ‚Äúnormal mid-bull correction.‚Äù ‚ÄúI would need to see a much larger breakdown to flip bearish,‚Äù Warwick said. ‚ÄúMy baseline thesis is the four-year cycle holds once again, which means we keep grinding up through the rest of the year.‚Äù Magazine: Classic Sega, Atari and Nintendo games get crypto makeovers: Web3 Gamer This article does not contain investment advice or recommendations. Every investment and trading move involves risk, and readers should conduct their own research when making a decision."
US recession would be a big catalyst for Bitcoin: BlackRock,https://cointelegraph.com/news/bitcoin-benefit-us-recession-blackrock-crypto-head?utm_source=rss_feed&utm_medium=rss&utm_campaign=rss_partner_inbound," Bitcoin would be a big winner from a potential US recession as it‚Äôs built to thrive in a high fiscal spending, low interest rate environment, says a BlackRock executive.  BlackRock‚Äôs head of digital assets, Robbie Mitchnick, says that Bitcoin will most likely thrive in a recessionary macro environment, contrary to what some analysts may think.  ‚ÄúI don‚Äôt know if we‚Äôll have a recession or not, but a recession would be a big catalyst for Bitcoin,‚Äù Mitchnick said in a March 19 interview with Yahoo Finance.Mitchnick said Bitcoin (BTC) is catalyzed by increased fiscal spending, deficit accumulation, lower interest rates and monetary stimulus ‚Äî all of which tend to happen in recessions. ‚ÄúAnd it‚Äôs catalyzed to some extent over fears of general social disorder,‚Äù Mitchnick pointed out. ‚ÄúAnd that too, unfortunately, is something that can happen in a recession.‚Äù üö® LATEST: BlackRock Global Head of Digital Assets Robbie Mitchnick says, ‚ÄúIf you look at Bitcoin fundamentally on a long-term basis, it really seems like an asset that should be uncorrelated or even inversely correlated against certain risk factors that exist.‚Äù pic.twitter.com/bC0zKqF3xB The BlackRock executive said the market is ‚Äúnot particularly well calibrated‚Äù to Bitcoin, and many still view it as a risk-on asset. Risk-on assets, such as stocks, commodities and high-yield bonds, tend to suffer during times of economic crises, but Mitchnick said in September that he believed the asset was mislabeled.  Mitchnick said BlackRock has been helping some of its clients see through some of these conflicting narratives. He added that some of BlackRock‚Äôs more ‚Äúsophisticated long-term Bitcoin accumulator‚Äù clients see the market correction as a buying opportunity and aren‚Äôt bothered by the current economic headwinds. Meanwhile, researchers from cryptocurrency exchange Coinbase were less bullish, saying crypto‚Äôs positive outlook for the first quarter had ‚Äúclearly been misplaced‚Äù by recession fears and the recent tariffs imposed. ‚ÄúFears of a dramatic US economic slowdown or even recession have caused sentiment to turn sharply,‚Äù Coinbase Institutional said in its monthly outlook report on March 17. Related: Crypto market‚Äôs biggest risks in 2025: US recession, circular crypto economy BlackRock has played a key role in the institutional and wealth advisory adoption of Bitcoin through its iShares Bitcoin Trust ETF ‚Äî which holds the most net assets of any Bitcoin investment product at $48.7 billion. Mitchnick isn‚Äôt worried about the mass net outflows across most spot Bitcoin exchange-traded funds of late ‚Äî pointing out that it has mostly come from hedge funds‚Äô unwinding of the spot futures arbitrage trade, not the long-term buy-and-hold investors. Bitcoin is currently trading at $86,000, up 3.8% over the last 24 hours. Magazine: Meet lawyer Max Burwick ‚Äî ‚ÄòThe ambulance chaser of crypto‚Äô"
Bitcoin long-term holder behavior shift signals &#039;unique market dynamic&#039; ‚Äî Research,https://cointelegraph.com/news/bitcoin-unique-market-dynamic-long-term-holders?utm_source=rss_feed&utm_medium=rss&utm_campaign=rss_partner_inbound," Bitcoin long-term holders continued to hold profits despite BTC prices dropping to a four-month low, indicating a strong belief that the bull market rally would eventually resume.  Bitcoin‚Äôs corrective phase set a four-month low at $76,600 on March 11. Despite this decline, long-term holders have continued to hold large amounts of BTC, suggesting a ‚Äúunique market dynamic moving forward,‚Äù new research says.  ‚ÄúLong-Term Holder activity remains largely subdued, with a notable decline in their sell-side pressure,‚Äù Glassnode said in a March 18 markets report. Bitcoin‚Äôs recovery comes as selling pressure among Long-Term Holders (LTHs) ‚Äî wallets that have held Bitcoin for at least 155 days ‚Äî begins to wane.¬† The Binary Spending Indicator, a metric used to determine when LTHs are spending a significant proportion of their holdings in a sustained manner, shows a slowdown (see chart below) while the LTH supply is also beginning to rebound after several months of decline. ‚ÄúThis suggests that there is a greater willingness to hold than to spend coins among this cohort,‚Äù Glassnode noted, adding: Bitcoin: LTH spending binary indicator. Source: Glassnode Bull market tops are often marked by intense sell-side pressure and strong profit-taking among LTHs, which signals a complete shift to bearish behavior.¬† However, despite Bitcoin's drawdown in recent weeks, this investor cohort continues to hold a large portion of their profits, especially for this later stage of the cycle, Glassnode said.  This could suggest that long-term holders may still be expecting more BTC price upside later in the year. Bitcoin: Cumulative LTH realized profit. Source: Glassnode New Bitcoin whales, addresses holding at least 1,000 BTC, where each coin has an average acquisition age of less than six months, are aggressively accumulating, according to CryptoQuant data. This signals strong conviction in Bitcoin‚Äôs long-term outlook among the new large investors. These wallets have collectively acquired over 1 million BTC since November 2024, ‚Äúpositioning themselves as one of the most influential market participants,‚Äù said CryptoQuant independent analyst Onchained in a March 7 analysis. The chart below shows that their pace has accelerated notably in recent weeks, ‚Äúaccumulating more than 200,000 BTC just this month.‚Äù Bitcoin supply held by new whales. Source: CryptoQuant Meanwhile, several crypto executives have told Cointelegraph that Bitcoin‚Äôs recent price drop was a ‚Äúnormal correction,‚Äù with the market just waiting for a new narrative and a cycle top yet to come. But not everyone agrees. For instance, CryptoQuant founder and CEO Ki Young Ju said that the Bitcoin bull cycle is over. He added:  This article does not contain investment advice or recommendations. Every investment and trading move involves risk, and readers should conduct their own research when making a decision. "
Why is Ethereum (ETH) price up today?,https://cointelegraph.com/news/why-is-ethereum-eth-price-up-today?utm_source=rss_feed&utm_medium=rss&utm_campaign=rss_partner_inbound," Ethereum price rallied as data showed large ETH holders adding more than 400,000 Ether to their balances.  Ether (ETH) price rallied nearly 8% over the past 24 hours, reaching a high of $2,064 on March 19. The altcoin‚Äôs daily trading volume increased to $17.4 billion as ETH regained a position above the $2,000 level.  Ethereum 1-hour chart. Source: Cointelegraph/TradingView Ether price is up today after the altcoin managed a successful breakout from an ascending triangle pattern. After falling below $2,000 on March 10, Ether formed higher lows, followed by multiple retests at the immediate resistance of $1,950, which was the pattern‚Äôs neckline.  A bullish divergence also took shape between the price and relative strength index (RSI), preceding a local bottom at $1,752. Such technical setups indicate that the bullish momentum is taking charge against the bearish trend.  Bitcoin 4-hour chart. Source: Cointelegraph/TradingView With a confirmed bullish breakout taking place from the triangle pattern, the technical targets remain at $2,142, which is roughly 5% from ETH‚Äôs current price. However, the 100-day exponential moving average (blue line) is providing resistance at $2,050, which needs to be flipped into support for prices to target $2,142.  Rekt Capital, an anonymous crypto analyst, highlighted that ETH recently tested its multi-year demand zone under the $2,000 level. With respect to a bullish reversal, the trader said,  Ethereum monthly analysis by Rekt Capital. Source: X.com Related: ETH price prospects dim as Ethereum DEX volumes drop 34% in a week Irrespective of recent price corrections, ETH accumulation addresses have been stockpiling at a significant rate. On March 12, Ether inflows into ETH accumulation addresses hit a one-day record at 345,210 ETH.  ETH inflows into accumulation addresses. Source: CryptoQuant Ethereum accumulation addresses are a specific classification of wallet addresses used to track long-term holding behavior in the Ethereum network. These addresses usually have no outgoing transactions, meaning the ETH is not used for spending or transferred out.  In 2024, these addresses amassed over 5.8 million ETH across a 12-month period. In 2025, the accumulation rate has significantly increased, with the same addresses acquiring 4.73 million ETH in under three months. Onchain data shows that large holders are potentially taking advantage of ETH‚Äôs low price by adding the altcoin at a discount which is currently 58.4% below its all-time high.    This article does not contain investment advice or recommendations. Every investment and trading move involves risk, and readers should conduct their own research when making a decision."
"Bitcoin runs toward $86K after Fed maintains course, projecting two rate cuts in 2025",https://cointelegraph.com/news/bitcoin-runs-toward-86-k-after-fed-maintains-course-projecting-two-rate-cuts-in-2025?utm_source=rss_feed&utm_medium=rss&utm_campaign=rss_partner_inbound," Bitcoin extended its rally toward $86,000 as the Fed held rates steady, announced plans to trim its ‚ÄúQT‚Äù policy and left the option for two interest rate cuts in 2025 on the table.  Bitcoin (BTC) price action turned bullish on March 19 as markets grew anxious for the release of the Federal Open Market Committee (FOMC) minutes and a press conference from Federal Reserve Chair Jerome Powell.¬† BTC/USDT 1-day chart. Source: TradingView Generally, traders keep a close eye on FOMC minutes, along with Powell‚Äôs comments, to obtain direct insights into the Fed‚Äôs take on US economic health, along with their plans for monetary policy and interest rates.¬† In the presser, Powell confirmed that the Fed intends to leave interest rates unchanged, in its target range between 4.25% to 4.5%, where they have been since December 2024.¬† Although the Fed downgraded its outlook for economic growth and emphasized that tamping inflation remains a sticking point, the Fed‚Äôs statements largely aligned with market participants‚Äô expectations.¬† Crypto and equities traders have also been forecasting the reduction of the Fed‚Äôs policy of quantitative tightening (QT), and the FOMC minutes confirmed that the central bank will reduce ‚Äúthe monthly redemption cap on Treasury securities from $25 billion to $5 billion.‚Äù¬†¬†¬†¬† Changes to FOMC statement (in red). Source: FederalReserve.gov Related: Bitcoin price volatility ramps up around FOMC days ‚Äî Will this time be different?¬† In response to Fed statements, Bitcoin price added to its daily gains, rallying to an intraday high at $85,950 at the time of writing.¬† The DOW also added 400 points, while the S&P 500 index gained 77. Powell and Fed policymakers‚Äô verbal commitment to two additional rate cuts in 2025 also line up with crypto traders‚Äô expectations and could further buoy the current recovery in Bitcoin price. This article does not contain investment advice or recommendations. Every investment and trading move involves risk, and readers should conduct their own research when making a decision."
"Bitcoin Traders Seek Topside Option Plays After Powell's Transitory Inflation Remark, Ether Still Lags in Sentiment",https://www.coindesk.com/markets/2025/03/20/bitcoin-traders-seek-topside-option-plays-after-powell-s-transitory-inflation-remark-ether-still-lags-in-sentiment,"Bitcoin (BTC) punters are looking at topside options bets in a bullish shift in price expectations after the Federal Reserve's (Fed) meeting, but ether (ETH) continues to lag sentiment.  As of writing, BTC's short-term and long-term risk reversals, which show the implied volatility premium (demand) for bullish bets or calls versus puts, were positive, implying investor interest in chasing price gains in the leading cryptocurrency, per data source Amberdata. It marks a shift from the bearish sentiment that prevailed weeks before the Fed meeting when short and near-dated puts were pricier than calls, reflecting downside fears. ""Frontend skew flipped calls. Flows featured 21 Mar outright calls and calendars bought, while 28 Mar puts were sold,"" institution-focused over-the-counter tech platform Paradigm noted in the Telegram chat. Institutions and large traders execute block trades via OTC platforms like Paradigm, which are then listed on Deribit. Options are derivative contracts that give the purchaser the right but not the obligation to purchase or sell the underlying asset at a predetermined price at a later date. A call option gives the right to buy, and a put option gives the right to sell. The bullish shift in the short and near-dated options happened as the Federal Reserve (Fed) retained the forecast for two rate cuts this year despite making the expected stagflationary adjustment in economic forecasts. The bank said it will slow the pace of balance sheet run off from April.  More importantly, Chairman Jerome Powell downplayed fears about the inflationary impact of Trump's tariffs, calling it transitory. Additionally, the end of the prolonged legal tussle between the SEC and Ripple, which uses XRP for cross border transactions, likely aided the sentiment. XRP, with the market cap of $142.21 billion, is the world's fourth largest cryptocurrency.  These positive developments, however, are yet to translate into a positive flip in the short and near-dated ether options.  At press time, ether risk reversals showed a bias for puts out to the May expiry, retaining the pre-Fed cautious sentiment despite the looming Ethereum Pectra upgrade. The technological update will introduce smart accounts to ethereum, blob scaling and validator UX enhancements and seen as a game changer by many. Ethereum developers launched a new test network, Hoodi, this week to carry out the impending upgrade, expected to take effect on March 26. Note that the persistent bias for ether puts could be partly driven by traders looking to hedge downside risks in other altcoins. Ether is widely seen as the altcoin leader.  Omkar Godbole is a Co-Managing Editor on CoinDesk's Markets team based in Mumbai, holds a masters degree in Finance and a Chartered Market Technician (CMT) member.  Omkar previously worked at FXStreet, writing research on currency markets and as fundamental analyst at currency and commodities desk at Mumbai-based brokerage houses. Omkar holds small amounts of bitcoin, ether, BitTorrent, tron and dot. About Contact"
"Bitcoin Reclaims $85K Following Fed and Stocks Rose, but One Analyst Suggests Caution",https://www.coindesk.com/markets/2025/03/19/bitcoin-reclaims-usd85k-following-fed-and-stocks-rose-but-one-analyst-suggests-caution,"Crypto markets are experiencing a modest move to the upside following today‚Äôs Federal Open Market Committee (FOMC) meeting, in which the U.S. central bank left interest rates steady at 4.25%-4.50% Bitcoin (BTC) has risen 4.5% in the last 24 hours and is now trading for $85,500, its highest point since March 9. The CoinDesk 20 ‚Äî an index of the top 20 cryptocurrencies by market capitalization except for stablecoins, memecoins and exchange coins ‚Äî is up 6%. Ether (ETH) and solana (SOL) have both surged by 7%, while Ripple‚Äôs XRP token has risen 10% off the back of CEO Brad Garlinghouse‚Äôs announcement that the Securities and Exchange Commission (SEC) is planning to drop its case against the company. Crypto stocks are also doing relatively well, especially bitcoin mining companies like Bitdeer (BTDR) and Core Scientific (CORZ), which are up 10% and 8% on the day, respectively. Bitdeer is likely buoyed from the technological progress it recently made in its ASIC manufacturing process, as well as from the news that stablecoin giant Tether was increasing its stake in the company to 21%. Core Scientific, meanwhile, is potentially reaping the benefits of AI firm CoreWeave (Core Scientific‚Äôs main customer) filing for an initial public offering earlier in the month. Even so, both companies are down more than 61% and 53% since January and November respectively. Federal Reserve Chair Jerome Powell said that tariff-related inflation was likely to be transitory and that recession risks remained low. And despite the market reacting positively to the meeting ‚Äî Nasdaq, S&P 500 and Dow Jones all gained 1% or more ‚Äî market commentators weren‚Äôt necessarily convinced. ‚ÄúThe word ‚Äî ‚Äòtransitory‚Äô ‚Äî is back at the Federal Reserve as Chair Powell characterizes the price effects of tariffs as a one-off,‚Äù economist Mohamed A. El-Erian posted on X. ‚ÄúI would have thought that, particularly after the big policy mistake of earlier this decade and given all the current uncertainties, some Fed officials would show greater humility. It‚Äôs simply too early to say with any regress of confidence that the inflationary effects will be transitory.‚Äù Gold continued to rise after surpassing the $3,000 mark on Tuesday and today hit a new record above $3,050. Callie Cox, chief market strategist at Ritholtz Wealth Management, said that the U.S. central bank was signaling that any additional rate cuts would likely happen at the cost of battering stocks. ‚ÄúThe Fed is no longer comfortable gliding to neutral as we get closer to their inflation target. I think you can argue that the soft landing is over,‚Äù she posted.  Tom writes about markets, bitcoin mining and crypto adoption in Latin America. He has a bachelor's degree in English literature from McGill University, and can usually be found in Costa Rica. He holds BTC above CoinDesk's disclosure threshold of $1,000. About Contact"
"The Protocol: Meet Hoodi, Ethereum‚Äôs New Testnet",https://www.coindesk.com/tech/2025/03/19/the-protocol-meet-hoodi-ethereum-s-new-testnet,"Welcome to The Protocol, CoinDesk's weekly wrap-up of the most important stories in cryptocurrency tech development. I'm Margaux Nijkerk, CoinDesk‚Äôs Ethereum Reporter. In this issue: This article is featured in the latest issue of The Protocol, our weekly newsletter exploring the tech behind crypto, one block at a time. Sign up here to get it in your inbox every Wednesday. HELLO, HOODI: ETHEREUM WELCOMES A NEW TESTNET: Ethereum developers launched a new test network, Hoodi, this week that will be used to carry out the blockchain's upcoming ‚ÄúPectra‚Äù upgrade. Pectra will go live on Hoodi on March 26, and if all goes well, the long-awaited upgrade will proceed to Ethereum's mainnet roughly 30 days later, according to the network's core developers. Hoodi was created following faulty Pectra tests on Ethereum‚Äôs other testnets, Holesky and Sepolia, which failed to finalize properly due to problems with how they were configured. Test networks like Holesky, Sepolia, and Hoodi aim to mimic the main Ethereum network ‚Äî allowing developers the opportunity to test out code changes or major upgrades like Pectra in a low-stakes environment before deploying them to the mainnet. ‚Äî Margaux Nijkerk Read more. MICROSOFT RAISES ALARM OF MALWARE TARGETING COINBASE, METAMASK WALLETS: Tech giant Microsoft shared a new report warning of malware that targets 20 of the most popular cryptocurrency wallets used with the Google Chrome extension. Microsoft‚Äôs Incident Response researchers raised alarms of a new remote access trojan (RAT), dubbed StilachiRAT, which could deploy ‚Äúsophisticated techniques to evade detection, persist in the target environment, and exfiltrate sensitive data,‚Äù the team shared in a blog post. The malware was discovered in November 2024, and it could steal users' wallet information, and any credentials, including usernames and passwords, stored in their Google Chrome browser. StilachiRAT targets 20 crypto wallets including some of the most widely-used ones like MetaMask, Coinbase Wallet, Phantom, OKX Wallet, and BNB Chain Wallet. While the malware has not been distributed widely, Microsoft did share that it has not been able to identify what entity is behind the threat and laid out some mitigation guidelines for current targets including installing antivirus software. ‚Äî Margaux Nijkerk Read more. HALLIDAY RAISES $20M FOR AI PROTOCOL TO ELIMINATE WRITING SMART CONTRACTS FOR DEFI: Artificial intelligence (AI)-focused blockchain protocol Halliday said it raised $20 million to help fund development of its Agentic Workflow Protocol (AWP), which aims to speed development of decentralized finance (DeFi) applications and avoid the need for programmers to write smart contracts. The Series A funding round was led by venture capital giant Andreessen Horowitz's (a16z) crypto arm. ""Our mission is to pioneer the software era of blockchain, enabling developers to build applications in hours, not years,"" Halliday said in an emailed announcement. ""With Halliday, you can never write a smart contract again.""‚Äî Jamie Crawley + AI Boost Read more. SAM ALTMAN‚ÄôS WORLD NETWORK AND RAZER WANT TO DEFEAT GAMING‚ÄôS BOT PROBLEM: Sam Altman‚Äôs blockchain project, World Network, is teaming up with gaming hardware firm Razer on a suite of features designed to weed out bots from video games. ‚ÄúRazer ID verified by World ID‚Äù is a single sign-on mechanism that will verify real human gamers from bots. It's built atop Razer ID, Razer's existing login service, and will help guarantee there's ""a real person behind every Razer ID account,‚Äù according to a statement shared by Razer and World. The collaboration between the two firms comes as artificial intelligence (AI) tools are seeping into every corner of online life ‚Äî including inside of video games, which have been plagued by non-human AI ""bots"" since long before the rise of Altman's ChatGPT. ‚Äî Margaux Nijkerk Read more. Margaux Nijkerk reports on the Ethereum protocol and L2s. A graduate of Johns Hopkins and Emory universities, she has a masters in International Affairs & Economics. She holds BTC and ETH above CoinDesk's disclosure threshold of $1,000. About Contact"
Ethereum to Sunset ‚ÄòHolesky‚Äô Testnet in September,https://www.coindesk.com/tech/2025/03/19/ethereum-to-sunset-holesky-testnet-in-september,"Ethereum is set to discontinue its largest test network, Holesky, after it encountered challenges testing the forthcoming Pectra upgrade.  The Ethereum Foundation (EF) said in a blog post on Tuesday that the network ‚Äî a controlled environment for testing Ethereum infrastructure and upgrades ‚Äî will begin winding down, with a full shutdown anticipated on Sept. 30. The just-launched Hoodi test network, deployed on Monday, will serve as Holesky's replacement.  The deprecation plan comes after Holesky fell offline due to February's faulty test of Ethereum‚Äôs upcoming Pectra update. Developers took weeks to recover Holesky, which came back online in March but suffered from residual damage ‚Äî so-called ""inactivity leaks"" that clogged up Holesky's entire validator apparatus.  ‚Äú[E]xited validators would take approximately one year to fully be removed from the validator set,‚Äù the EF explained in their blog post. ‚ÄúThe size of the exit queue prevents Holesky from being used to test the full validator lifecycle within a reasonable timeframe.‚Äù  Ethereum runs testnets so that developers can run code changes before bringing them to Ethereum‚Äôs main network (mainnet). Test networks essentially replicate the Ethereum mainnet, and they allow developer teams and infrastructure providers to test out new software before launching them in a more high-stakes environment.  Holesky was specifically intended for testing by Ethereum's validator ecosystem ‚Äî the stakers and node operators that keep the Ethereum network up and running. It was built to model close-to-real network conditions with its support for a giant 1.4 million validators ‚Äî more than Goerli, which Holesky replaced in 2023, and even the real Ethereum network.  Currently, Holesky is used by validators and staking providers, but the similarly-constructed Hoodi network will serve that function moving forward. Hoodi went live earlier this week and plans to test the Pectra upgrade on March 26. Should that test proceed smoothly, developers intend to push Pectra onto Ethereum‚Äôs mainnet 30 days later.  ‚ÄúStakers, this is your new testing ground,‚Äù said Tim Beiko, the protocol support lead at the EF, in a post on X.  Read more: Hello, Hoodi: Ethereum Welcomes a New Testnet Margaux Nijkerk reports on the Ethereum protocol and L2s. A graduate of Johns Hopkins and Emory universities, she has a masters in International Affairs & Economics. She holds BTC and ETH above CoinDesk's disclosure threshold of $1,000. About Contact"
"Bitcoin, Ether, Solana Likely to See 3%- 5% Price Swings on FOMC Rate Decision, Volmex's Data Suggests",https://www.coindesk.com/markets/2025/03/19/bitcoin-ether-and-solana-likely-to-see-3-5-price-swings-on-fomc-rate-decision-volmex-s-data-suggests,"The Federal Open Market Committee (FOMC), the U.S. Federal Reserve's monetary policy-making body, is slated to publish its rate review later in the day, along with growth and inflation projections and interest rate forecast. The widely-watched event is likely to breed crypto market volatility, spurring 3% to 5% price swings in bitcoin (BTC), ether (ETH) and solana (SOL). That's the message from Volmex's one-day implied volatility indices tied to BTC, ETH and SOL. At 12:30 UTC, the bitcoin one-day IV index (BVIV) signaled an annualized volatility of 63.32%, equating to an expected 24-hour price swing of 3.31%. The daily move is calculated by dividing the annualized figure by the square root of 365, the total number of trading days in a year. Similarly, ether and solana volatility indices suggested 24-hour price swings of 5.25% and 5.73%, respectively. These figures might be scary for equity or currency traders but do not represent a major deviation from the normal in the crypto market. In other words, the Fed event, though pivotal, is unlikely to result in an immediate volatility explosion. The central bank is widely expected to keep the benchmark borrowing cost steady while signaling an end of its prolonged quantitive tightening program. However, gains in risk assets may be tempered by a potential stagflationary adjustment in the summary of economic projections. Omkar Godbole is a Co-Managing Editor on CoinDesk's Markets team based in Mumbai, holds a masters degree in Finance and a Chartered Market Technician (CMT) member.  Omkar previously worked at FXStreet, writing research on currency markets and as fundamental analyst at currency and commodities desk at Mumbai-based brokerage houses. Omkar holds small amounts of bitcoin, ether, BitTorrent, tron and dot. About Contact"
Blockdaemon Acquires DeFi Connectivity Firm Expand to Bring Institutions to Web3,https://www.coindesk.com/business/2025/03/19/blockdaemon-acquires-defi-connectivity-firm-expand-to-bring-institutions-to-web3,"Blockdaemon, a leading provider of crypto infrastructure, has acquired expand.network, a single API connection into the multifarious world of decentralized finance (DeFi), with a view to enabling big financial institutions to seamlessly access on-chain trading. The exact price paid for expand.network was not revealed, but Blockdaemon said the deal was worth double digit millions of dollars. The firm provides API access to DeFi, enabling connections to over 170 endpoints, including DEXs, bridges, lending protocols and oracles. As long-awaited regulatory clarity comes to crypto in the U.S., banks and large financial institutions are considering a point of entry into the on-chain finance world. Blockdaemon, which counts banks like Goldman Sachs among its backers, assists around 70% of top 500 institutions active in crypto, which includes running over 250,000 nodes across 40 data centers, as well as handling staking rewards, and more recently establishing cross-blockchain, self-custody wallet offerings for big players. The next logical step for banks and institutions is providing easy access via Blockdaemon‚Äôs interoperable, staking-ready wallets into the complex realm of DeFi lending, borrowing and automated liquidity, said Konstantin Richter, founder and CEO of Blockdaemon. ‚ÄúDeFi will make running financial infrastructure a lot cheaper for banks and institutions and it‚Äôs where a lot of institutional benefits will reside over time,‚Äù Richter said in an interview. ‚ÄúIt's still very early and obviously there's a lot that still needs to happen in terms of regulatory clarity, adoption and decentralization. But the time is right to accelerate that particular vertical within our product suite.‚Äù UPDATE (March, 19, 13:10 UTC): changes from Expand to expand.network  Ian Allison is a senior reporter at CoinDesk, focused on institutional and enterprise adoption of cryptocurrency and blockchain technology. Prior to that, he covered fintech for the International Business Times in London and Newsweek online. He won the State Street Data and Innovation journalist of the year award in 2017, and was runner up the following year. He also earned CoinDesk an honourable mention in the 2020 SABEW Best in Business awards. His November 2022 FTX scoop, which brought down the exchange and its boss Sam Bankman-Fried, won a Polk award, Loeb award and New York Press Club award. Ian graduated from the University of Edinburgh. He holds ETH. About Contact"
"Erdogan Rival's Arrest Sends Lira to Record Low, Bitcoin-TRY Volume Surging on Binance",https://www.coindesk.com/markets/2025/03/19/turkish-lira-crashes-to-record-low-spurring-volume-surge-in-binance-s-bitcoin-lira-pair,"The Turkish¬†lira¬†(TRY) fell to a record low against the dollar following the surprise arrest of President Recep Tayyip Erdogan's rival and Istanbul mayor Ekrem Imamoglu. The currency slumped a record of nearly 41 per U.S. dollar, a 10% slide on the day. The volatility saw a sharp rise in trading volumes in the bitcoin-lira (BTC/TRY) pair on leading cryptocurrency exchange Binance. Imamoglu's Republican People‚Äôs Party (CHP) described the arrest as a coup to replace the will of the people. The party was set to hold a primary election next week, with Imamoglu widely expected to emerge as the presidential candidate. On Binance, the BTC/TRY pair saw 93 BTC change hands between 7:00 UTC and 8:00 UTC, according to data source TradingView. That's the highest hourly volume in at least a year. Still, when adjusted for the lira's exchange rate, BTC traded at a massive discount to prices on Coinbase (COIN).  It's possible traders sold BTC/TRY to move money into dollar-linked assets like USDT, the largest stablecoin. CoinDesk reached out to Binance for a comment on the matter. Fiat-currency volatility is not new to Turkey and over the years it has galvanized demand for hard assets like gold and alternative assets like stablecoins and cryptocurrencies. The lira has consistently depreciated since at least 2017, when it 3.53 to the dollar.  Omkar Godbole is a Co-Managing Editor on CoinDesk's Markets team based in Mumbai, holds a masters degree in Finance and a Chartered Market Technician (CMT) member.  Omkar previously worked at FXStreet, writing research on currency markets and as fundamental analyst at currency and commodities desk at Mumbai-based brokerage houses. Omkar holds small amounts of bitcoin, ether, BitTorrent, tron and dot. About Contact"
